"plot_id";"PM_LEAF_PC";"bbch_stage";"observation_date"
"10A";1;"BBCH 69";"2024-06-05"
"10A";3;"BBCH 69";"2024-06-05"
"10A";1;"BBCH 69";"2024-06-05"
"10A";1;"BBCH 69";"2024-06-05"
"10A";2;"BBCH 69";"2024-06-05"
"10A";2;"BBCH 69";"2024-06-05"
"10A";1;"BBCH 69";"2024-06-05"
"10A";1;"BBCH 69";"2024-06-05"
"10A";2;"BBCH 69";"2024-06-05"
"10A";1;"BBCH 69";"2024-06-05"
"10A";1;"BBCH 69";"2024-06-05"
"10A";1;"BBCH 69";"2024-06-05"
"10A";1;"BBCH 69";"2024-06-05"
"10A";1;"BBCH 69";"2024-06-05"
"10A";3;"BBCH 69";"2024-06-05"
"10A";1;"BBCH 69";"2024-06-05"
"10A";1;"BBCH 69";"2024-06-05"
"10A";1;"BBCH 69";"2024-06-05"
"10A";1;"BBCH 69";"2024-06-05"
"10A";1;"BBCH 69";"2024-06-05"
"10A";1;"BBCH 69";"2024-06-05"
"10A";2;"BBCH 69";"2024-06-05"
"10A";3;"BBCH 69";"2024-06-05"
"10A";3;"BBCH 69";"2024-06-05"
"10A";6;"BBCH 69";"2024-06-05"
"10A";2;"BBCH 69";"2024-06-05"
"10A";1;"BBCH 69";"2024-06-05"
"10A";16;"BBCH 69";"2024-06-05"
"10A";6;"BBCH 69";"2024-06-05"
"10A";2;"BBCH 69";"2024-06-05"
"10A";4;"BBCH 69";"2024-06-05"
"10A";2;"BBCH 69";"2024-06-05"
"10A";2;"BBCH 69";"2024-06-05"
"10A";1;"BBCH 69";"2024-06-05"
"10A";1;"BBCH 69";"2024-06-05"
"10A";1;"BBCH 69";"2024-06-05"
"10A";7;"BBCH 69";"2024-06-05"
"10A";4;"BBCH 69";"2024-06-05"
"10A";3;"BBCH 69";"2024-06-05"
"10A";1;"BBCH 69";"2024-06-05"
"10A";2;"BBCH 69";"2024-06-05"
"10A";4;"BBCH 69";"2024-06-05"
"10A";1;"BBCH 69";"2024-06-05"
"10A";2;"BBCH 69";"2024-06-05"
"10B";2;"BBCH 69";"2024-06-05"
"10B";1;"BBCH 69";"2024-06-05"
"10B";1;"BBCH 69";"2024-06-05"
"10B";3;"BBCH 69";"2024-06-05"
"10B";1;"BBCH 69";"2024-06-05"
"10B";2;"BBCH 69";"2024-06-05"
"10B";1;"BBCH 69";"2024-06-05"
"10B";1;"BBCH 69";"2024-06-05"
"10B";1;"BBCH 69";"2024-06-05"
"10B";1;"BBCH 69";"2024-06-05"
"10B";2;"BBCH 69";"2024-06-05"
"10B";1;"BBCH 69";"2024-06-05"
"10B";1;"BBCH 69";"2024-06-05"
"10B";1;"BBCH 69";"2024-06-05"
"10B";2;"BBCH 69";"2024-06-05"
"10B";2;"BBCH 69";"2024-06-05"
"10B";2;"BBCH 69";"2024-06-05"
"10B";2;"BBCH 69";"2024-06-05"
"10B";1;"BBCH 69";"2024-06-05"
"10B";2;"BBCH 69";"2024-06-05"
"10B";2;"BBCH 69";"2024-06-05"
"10B";1;"BBCH 69";"2024-06-05"
"10B";3;"BBCH 69";"2024-06-05"
"10B";1;"BBCH 69";"2024-06-05"
"10B";2;"BBCH 69";"2024-06-05"
"10B";3;"BBCH 69";"2024-06-05"
"10B";2;"BBCH 69";"2024-06-05"
"10B";2;"BBCH 69";"2024-06-05"
"10B";1;"BBCH 69";"2024-06-05"
"10B";3;"BBCH 69";"2024-06-05"
"10B";3;"BBCH 69";"2024-06-05"
"10B";1;"BBCH 69";"2024-06-05"
"10B";3;"BBCH 69";"2024-06-05"
"10B";2;"BBCH 69";"2024-06-05"
"10B";2;"BBCH 69";"2024-06-05"
"10B";3;"BBCH 69";"2024-06-05"
"10B";1;"BBCH 69";"2024-06-05"
"10B";1;"BBCH 69";"2024-06-05"
"10B";3;"BBCH 69";"2024-06-05"
"10B";2;"BBCH 69";"2024-06-05"
"10B";3;"BBCH 69";"2024-06-05"
"10B";1;"BBCH 69";"2024-06-05"
"10B";4;"BBCH 69";"2024-06-05"
"10B";1;"BBCH 69";"2024-06-05"
"10B";1;"BBCH 69";"2024-06-05"
"10B";1;"BBCH 69";"2024-06-05"
"10B";1;"BBCH 69";"2024-06-05"
"10B";2;"BBCH 69";"2024-06-05"
"10B";2;"BBCH 69";"2024-06-05"
"10B";1;"BBCH 69";"2024-06-05"
"10B";1;"BBCH 69";"2024-06-05"
"10B";2;"BBCH 69";"2024-06-05"
"10B";2;"BBCH 69";"2024-06-05"
"10B";3;"BBCH 69";"2024-06-05"
"10B";2;"BBCH 69";"2024-06-05"
"10B";1;"BBCH 69";"2024-06-05"
"10C";4;"BBCH 69";"2024-06-05"
"10C";4;"BBCH 69";"2024-06-05"
"10C";2;"BBCH 69";"2024-06-05"
"10C";3;"BBCH 69";"2024-06-05"
"10C";3;"BBCH 69";"2024-06-05"
"10C";9;"BBCH 69";"2024-06-05"
"10C";3;"BBCH 69";"2024-06-05"
"10C";2;"BBCH 69";"2024-06-05"
"10C";3;"BBCH 69";"2024-06-05"
"10C";2;"BBCH 69";"2024-06-05"
"10C";2;"BBCH 69";"2024-06-05"
"10C";2;"BBCH 69";"2024-06-05"
"10C";1;"BBCH 69";"2024-06-05"
"10C";7;"BBCH 69";"2024-06-05"
"10C";1;"BBCH 69";"2024-06-05"
"10C";1;"BBCH 69";"2024-06-05"
"10C";4;"BBCH 69";"2024-06-05"
"10C";3;"BBCH 69";"2024-06-05"
"10C";2;"BBCH 69";"2024-06-05"
"10C";4;"BBCH 69";"2024-06-05"
"10C";1;"BBCH 69";"2024-06-05"
"10C";5;"BBCH 69";"2024-06-05"
"10C";3;"BBCH 69";"2024-06-05"
"10C";3;"BBCH 69";"2024-06-05"
"10C";4;"BBCH 69";"2024-06-05"
"10C";12;"BBCH 69";"2024-06-05"
"10C";5;"BBCH 69";"2024-06-05"
"10C";3;"BBCH 69";"2024-06-05"
"10C";2;"BBCH 69";"2024-06-05"
"10C";3;"BBCH 69";"2024-06-05"
"10C";4;"BBCH 69";"2024-06-05"
"10C";1;"BBCH 69";"2024-06-05"
"10C";10;"BBCH 69";"2024-06-05"
"10C";2;"BBCH 69";"2024-06-05"
"10C";8;"BBCH 69";"2024-06-05"
"10C";8;"BBCH 69";"2024-06-05"
"10C";6;"BBCH 69";"2024-06-05"
"10C";3;"BBCH 69";"2024-06-05"
"10C";1;"BBCH 69";"2024-06-05"
"10C";6;"BBCH 69";"2024-06-05"
"10C";1;"BBCH 69";"2024-06-05"
"10C";5;"BBCH 69";"2024-06-05"
"10C";4;"BBCH 69";"2024-06-05"
"10C";5;"BBCH 69";"2024-06-05"
"10C";6;"BBCH 69";"2024-06-05"
"10C";3;"BBCH 69";"2024-06-05"
"10C";1;"BBCH 69";"2024-06-05"
"10C";3;"BBCH 69";"2024-06-05"
"10C";4;"BBCH 69";"2024-06-05"
"10C";3;"BBCH 69";"2024-06-05"
"10C";4;"BBCH 69";"2024-06-05"
"10C";4;"BBCH 69";"2024-06-05"
"10C";3;"BBCH 69";"2024-06-05"
"10C";3;"BBCH 69";"2024-06-05"
"10C";3;"BBCH 69";"2024-06-05"
"10C";5;"BBCH 69";"2024-06-05"
"10C";4;"BBCH 69";"2024-06-05"
"10C";4;"BBCH 69";"2024-06-05"
"10C";5;"BBCH 69";"2024-06-05"
"10C";2;"BBCH 69";"2024-06-05"
"10C";4;"BBCH 69";"2024-06-05"
"10C";2;"BBCH 69";"2024-06-05"
"10C";2;"BBCH 69";"2024-06-05"
"10C";4;"BBCH 69";"2024-06-05"
"10C";6;"BBCH 69";"2024-06-05"
"10C";5;"BBCH 69";"2024-06-05"
"10C";8;"BBCH 69";"2024-06-05"
"10C";2;"BBCH 69";"2024-06-05"
"10C";5;"BBCH 69";"2024-06-05"
"10C";6;"BBCH 69";"2024-06-05"
"10C";4;"BBCH 69";"2024-06-05"
"10C";4;"BBCH 69";"2024-06-05"
"10C";1;"BBCH 69";"2024-06-05"
"10C";1;"BBCH 69";"2024-06-05"
"10C";7;"BBCH 69";"2024-06-05"
"10C";6;"BBCH 69";"2024-06-05"
"10C";2;"BBCH 69";"2024-06-05"
"10C";2;"BBCH 69";"2024-06-05"
"10C";3;"BBCH 69";"2024-06-05"
"10C";4;"BBCH 69";"2024-06-05"
"10C";3;"BBCH 69";"2024-06-05"
"10D";4;"BBCH 69";"2024-06-05"
"10D";4;"BBCH 69";"2024-06-05"
"10D";2;"BBCH 69";"2024-06-05"
"10D";4;"BBCH 69";"2024-06-05"
"10D";4;"BBCH 69";"2024-06-05"
"10D";6;"BBCH 69";"2024-06-05"
"10D";5;"BBCH 69";"2024-06-05"
"10D";1;"BBCH 69";"2024-06-05"
"10D";1;"BBCH 69";"2024-06-05"
"10D";2;"BBCH 69";"2024-06-05"
"10D";4;"BBCH 69";"2024-06-05"
"10D";3;"BBCH 69";"2024-06-05"
"10D";2;"BBCH 69";"2024-06-05"
"10D";2;"BBCH 69";"2024-06-05"
"10D";4;"BBCH 69";"2024-06-05"
"10D";6;"BBCH 69";"2024-06-05"
"10D";10;"BBCH 69";"2024-06-05"
"10D";1;"BBCH 69";"2024-06-05"
"10D";5;"BBCH 69";"2024-06-05"
"10D";6;"BBCH 69";"2024-06-05"
"10D";1;"BBCH 69";"2024-06-05"
"10D";8;"BBCH 69";"2024-06-05"
"10D";3;"BBCH 69";"2024-06-05"
"10D";6;"BBCH 69";"2024-06-05"
"10D";3;"BBCH 69";"2024-06-05"
"10D";1;"BBCH 69";"2024-06-05"
"10D";5;"BBCH 69";"2024-06-05"
"10D";2;"BBCH 69";"2024-06-05"
"10D";5;"BBCH 69";"2024-06-05"
"10D";1;"BBCH 69";"2024-06-05"
"10D";7;"BBCH 69";"2024-06-05"
"10D";4;"BBCH 69";"2024-06-05"
"10D";3;"BBCH 69";"2024-06-05"
"10D";1;"BBCH 69";"2024-06-05"
"10D";3;"BBCH 69";"2024-06-05"
"10D";5;"BBCH 69";"2024-06-05"
"10D";8;"BBCH 69";"2024-06-05"
"10D";2;"BBCH 69";"2024-06-05"
"10D";4;"BBCH 69";"2024-06-05"
"10D";2;"BBCH 69";"2024-06-05"
"10D";1;"BBCH 69";"2024-06-05"
"10D";2;"BBCH 69";"2024-06-05"
"10D";2;"BBCH 69";"2024-06-05"
"10D";1;"BBCH 69";"2024-06-05"
"10D";6;"BBCH 69";"2024-06-05"
"10D";3;"BBCH 69";"2024-06-05"
"10D";6;"BBCH 69";"2024-06-05"
"10D";2;"BBCH 69";"2024-06-05"
"10D";1;"BBCH 69";"2024-06-05"
"10D";2;"BBCH 69";"2024-06-05"
"10D";4;"BBCH 69";"2024-06-05"
"10D";1;"BBCH 69";"2024-06-05"
"10D";2;"BBCH 69";"2024-06-05"
"10D";3;"BBCH 69";"2024-06-05"
"10D";1;"BBCH 69";"2024-06-05"
"10D";1;"BBCH 69";"2024-06-05"
"10D";4;"BBCH 69";"2024-06-05"
"10D";4;"BBCH 69";"2024-06-05"
"10D";3;"BBCH 69";"2024-06-05"
"10D";1;"BBCH 69";"2024-06-05"
"10D";5;"BBCH 69";"2024-06-05"
"10D";4;"BBCH 69";"2024-06-05"
"10D";4;"BBCH 69";"2024-06-05"
"10D";3;"BBCH 69";"2024-06-05"
"10D";3;"BBCH 69";"2024-06-05"
"10D";2;"BBCH 69";"2024-06-05"
"10D";1;"BBCH 69";"2024-06-05"
"10D";2;"BBCH 69";"2024-06-05"
"10D";5;"BBCH 69";"2024-06-05"
"10D";3;"BBCH 69";"2024-06-05"
"10D";5;"BBCH 69";"2024-06-05"
"10D";4;"BBCH 69";"2024-06-05"
"10D";5;"BBCH 69";"2024-06-05"
"10D";2;"BBCH 69";"2024-06-05"
"10D";5;"BBCH 69";"2024-06-05"
"10D";8;"BBCH 69";"2024-06-05"
"10D";2;"BBCH 69";"2024-06-05"
"10D";3;"BBCH 69";"2024-06-05"
"10D";2;"BBCH 69";"2024-06-05"
"10D";2;"BBCH 69";"2024-06-05"
"10D";2;"BBCH 69";"2024-06-05"
"10D";1;"BBCH 69";"2024-06-05"
"10D";1;"BBCH 69";"2024-06-05"
"10D";1;"BBCH 69";"2024-06-05"
"10D";2;"BBCH 69";"2024-06-05"
"10D";2;"BBCH 69";"2024-06-05"
"10D";2;"BBCH 69";"2024-06-05"
"10D";1;"BBCH 69";"2024-06-05"
"10D";3;"BBCH 69";"2024-06-05"
"10D";2;"BBCH 69";"2024-06-05"
"1A";2;"BBCH 69";"2024-06-05"
"1A";4;"BBCH 69";"2024-06-05"
"1A";3;"BBCH 69";"2024-06-05"
"1A";1;"BBCH 69";"2024-06-05"
"1A";1;"BBCH 69";"2024-06-05"
"1A";3;"BBCH 69";"2024-06-05"
"1A";1;"BBCH 69";"2024-06-05"
"1A";2;"BBCH 69";"2024-06-05"
"1A";2;"BBCH 69";"2024-06-05"
"1A";2;"BBCH 69";"2024-06-05"
"1A";2;"BBCH 69";"2024-06-05"
"1A";2;"BBCH 69";"2024-06-05"
"1A";3;"BBCH 69";"2024-06-05"
"1A";4;"BBCH 69";"2024-06-05"
"1A";2;"BBCH 69";"2024-06-05"
"1A";1;"BBCH 69";"2024-06-05"
"1A";1;"BBCH 69";"2024-06-05"
"1A";2;"BBCH 69";"2024-06-05"
"1A";1;"BBCH 69";"2024-06-05"
"1A";2;"BBCH 69";"2024-06-05"
"1A";2;"BBCH 69";"2024-06-05"
"1A";1;"BBCH 69";"2024-06-05"
"1A";4;"BBCH 69";"2024-06-05"
"1A";1;"BBCH 69";"2024-06-05"
"1A";3;"BBCH 69";"2024-06-05"
"1A";2;"BBCH 69";"2024-06-05"
"1A";4;"BBCH 69";"2024-06-05"
"1A";1;"BBCH 69";"2024-06-05"
"1A";1;"BBCH 69";"2024-06-05"
"1A";1;"BBCH 69";"2024-06-05"
"1A";1;"BBCH 69";"2024-06-05"
"1A";2;"BBCH 69";"2024-06-05"
"1A";3;"BBCH 69";"2024-06-05"
"1A";1;"BBCH 69";"2024-06-05"
"1A";2;"BBCH 69";"2024-06-05"
"1A";1;"BBCH 69";"2024-06-05"
"1A";4;"BBCH 69";"2024-06-05"
"1A";5;"BBCH 69";"2024-06-05"
"1A";5;"BBCH 69";"2024-06-05"
"1A";1;"BBCH 69";"2024-06-05"
"1A";4;"BBCH 69";"2024-06-05"
"1A";4;"BBCH 69";"2024-06-05"
"1A";10;"BBCH 69";"2024-06-05"
"1A";5;"BBCH 69";"2024-06-05"
"1A";2;"BBCH 69";"2024-06-05"
"1A";5;"BBCH 69";"2024-06-05"
"1A";2;"BBCH 69";"2024-06-05"
"1A";5;"BBCH 69";"2024-06-05"
"1A";10;"BBCH 69";"2024-06-05"
"1A";4;"BBCH 69";"2024-06-05"
"1A";3;"BBCH 69";"2024-06-05"
"1A";6;"BBCH 69";"2024-06-05"
"1A";1;"BBCH 69";"2024-06-05"
"1A";2;"BBCH 69";"2024-06-05"
"1A";8;"BBCH 69";"2024-06-05"
"1A";2;"BBCH 69";"2024-06-05"
"1A";3;"BBCH 69";"2024-06-05"
"1A";2;"BBCH 69";"2024-06-05"
"1A";2;"BBCH 69";"2024-06-05"
"1A";2;"BBCH 69";"2024-06-05"
"1A";1;"BBCH 69";"2024-06-05"
"1A";2;"BBCH 69";"2024-06-05"
"1A";1;"BBCH 69";"2024-06-05"
"1A";1;"BBCH 69";"2024-06-05"
"1B";1;"BBCH 69";"2024-06-05"
"1B";1;"BBCH 69";"2024-06-05"
"1B";1;"BBCH 69";"2024-06-05"
"1B";1;"BBCH 69";"2024-06-05"
"1B";2;"BBCH 69";"2024-06-05"
"1B";1;"BBCH 69";"2024-06-05"
"1B";3;"BBCH 69";"2024-06-05"
"1B";1;"BBCH 69";"2024-06-05"
"1B";1;"BBCH 69";"2024-06-05"
"1B";2;"BBCH 69";"2024-06-05"
"1B";1;"BBCH 69";"2024-06-05"
"1B";1;"BBCH 69";"2024-06-05"
"1B";1;"BBCH 69";"2024-06-05"
"1B";1;"BBCH 69";"2024-06-05"
"1B";3;"BBCH 69";"2024-06-05"
"1B";1;"BBCH 69";"2024-06-05"
"1B";8;"BBCH 69";"2024-06-05"
"1B";1;"BBCH 69";"2024-06-05"
"1B";2;"BBCH 69";"2024-06-05"
"1B";2;"BBCH 69";"2024-06-05"
"1B";1;"BBCH 69";"2024-06-05"
"1B";1;"BBCH 69";"2024-06-05"
"1B";1;"BBCH 69";"2024-06-05"
"1B";1;"BBCH 69";"2024-06-05"
"1B";1;"BBCH 69";"2024-06-05"
"1B";2;"BBCH 69";"2024-06-05"
"1B";1;"BBCH 69";"2024-06-05"
"1B";1;"BBCH 69";"2024-06-05"
"1B";2;"BBCH 69";"2024-06-05"
"1B";3;"BBCH 69";"2024-06-05"
"1B";1;"BBCH 69";"2024-06-05"
"1B";1;"BBCH 69";"2024-06-05"
"1B";2;"BBCH 69";"2024-06-05"
"1B";11;"BBCH 69";"2024-06-05"
"1C";1;"BBCH 69";"2024-06-05"
"1C";1;"BBCH 69";"2024-06-05"
"1C";1;"BBCH 69";"2024-06-05"
"1C";2;"BBCH 69";"2024-06-05"
"1C";1;"BBCH 69";"2024-06-05"
"1C";3;"BBCH 69";"2024-06-05"
"1C";1;"BBCH 69";"2024-06-05"
"1C";4;"BBCH 69";"2024-06-05"
"1C";2;"BBCH 69";"2024-06-05"
"1C";4;"BBCH 69";"2024-06-05"
"1C";2;"BBCH 69";"2024-06-05"
"1C";1;"BBCH 69";"2024-06-05"
"1C";4;"BBCH 69";"2024-06-05"
"1C";3;"BBCH 69";"2024-06-05"
"1C";1;"BBCH 69";"2024-06-05"
"1C";3;"BBCH 69";"2024-06-05"
"1C";1;"BBCH 69";"2024-06-05"
"1C";1;"BBCH 69";"2024-06-05"
"1C";2;"BBCH 69";"2024-06-05"
"1C";1;"BBCH 69";"2024-06-05"
"1C";6;"BBCH 69";"2024-06-05"
"1C";2;"BBCH 69";"2024-06-05"
"1C";4;"BBCH 69";"2024-06-05"
"1C";1;"BBCH 69";"2024-06-05"
"1C";4;"BBCH 69";"2024-06-05"
"1C";1;"BBCH 69";"2024-06-05"
"1C";1;"BBCH 69";"2024-06-05"
"1C";2;"BBCH 69";"2024-06-05"
"1C";4;"BBCH 69";"2024-06-05"
"1C";3;"BBCH 69";"2024-06-05"
"1C";16;"BBCH 69";"2024-06-05"
"1C";10;"BBCH 69";"2024-06-05"
"1C";8;"BBCH 69";"2024-06-05"
"1C";8;"BBCH 69";"2024-06-05"
"1C";1;"BBCH 69";"2024-06-05"
"1C";1;"BBCH 69";"2024-06-05"
"1C";4;"BBCH 69";"2024-06-05"
"1C";3;"BBCH 69";"2024-06-05"
"1C";4;"BBCH 69";"2024-06-05"
"1C";1;"BBCH 69";"2024-06-05"
"1C";2;"BBCH 69";"2024-06-05"
"1C";5;"BBCH 69";"2024-06-05"
"1C";1;"BBCH 69";"2024-06-05"
"1C";2;"BBCH 69";"2024-06-05"
"1C";1;"BBCH 69";"2024-06-05"
"1C";1;"BBCH 69";"2024-06-05"
"1C";2;"BBCH 69";"2024-06-05"
"1C";1;"BBCH 69";"2024-06-05"
"1C";4;"BBCH 69";"2024-06-05"
"1C";2;"BBCH 69";"2024-06-05"
"1D";3;"BBCH 69";"2024-06-05"
"1D";1;"BBCH 69";"2024-06-05"
"1D";1;"BBCH 69";"2024-06-05"
"1D";1;"BBCH 69";"2024-06-05"
"1D";1;"BBCH 69";"2024-06-05"
"1D";2;"BBCH 69";"2024-06-05"
"1D";2;"BBCH 69";"2024-06-05"
"1D";4;"BBCH 69";"2024-06-05"
"1D";2;"BBCH 69";"2024-06-05"
"1D";2;"BBCH 69";"2024-06-05"
"1D";1;"BBCH 69";"2024-06-05"
"1D";3;"BBCH 69";"2024-06-05"
"1D";2;"BBCH 69";"2024-06-05"
"1D";2;"BBCH 69";"2024-06-05"
"1D";2;"BBCH 69";"2024-06-05"
"1D";2;"BBCH 69";"2024-06-05"
"1D";2;"BBCH 69";"2024-06-05"
"1D";3;"BBCH 69";"2024-06-05"
"1D";3;"BBCH 69";"2024-06-05"
"1D";3;"BBCH 69";"2024-06-05"
"1D";1;"BBCH 69";"2024-06-05"
"1D";2;"BBCH 69";"2024-06-05"
"1D";2;"BBCH 69";"2024-06-05"
"1D";1;"BBCH 69";"2024-06-05"
"1D";2;"BBCH 69";"2024-06-05"
"1D";1;"BBCH 69";"2024-06-05"
"1D";2;"BBCH 69";"2024-06-05"
"1D";2;"BBCH 69";"2024-06-05"
"1D";2;"BBCH 69";"2024-06-05"
"1D";4;"BBCH 69";"2024-06-05"
"1D";2;"BBCH 69";"2024-06-05"
"1D";2;"BBCH 69";"2024-06-05"
"1D";4;"BBCH 69";"2024-06-05"
"1D";3;"BBCH 69";"2024-06-05"
"1D";4;"BBCH 69";"2024-06-05"
"1D";5;"BBCH 69";"2024-06-05"
"1D";3;"BBCH 69";"2024-06-05"
"1D";2;"BBCH 69";"2024-06-05"
"1D";1;"BBCH 69";"2024-06-05"
"1D";1;"BBCH 69";"2024-06-05"
"1D";4;"BBCH 69";"2024-06-05"
"1D";2;"BBCH 69";"2024-06-05"
"1D";2;"BBCH 69";"2024-06-05"
"1D";2;"BBCH 69";"2024-06-05"
"1D";4;"BBCH 69";"2024-06-05"
"1D";1;"BBCH 69";"2024-06-05"
"1D";3;"BBCH 69";"2024-06-05"
"1D";2;"BBCH 69";"2024-06-05"
"1D";2;"BBCH 69";"2024-06-05"
"1D";4;"BBCH 69";"2024-06-05"
"1D";2;"BBCH 69";"2024-06-05"
"1D";1;"BBCH 69";"2024-06-05"
"1D";2;"BBCH 69";"2024-06-05"
"1D";2;"BBCH 69";"2024-06-05"
"1D";4;"BBCH 69";"2024-06-05"
"1D";3;"BBCH 69";"2024-06-05"
"1D";3;"BBCH 69";"2024-06-05"
"1D";2;"BBCH 69";"2024-06-05"
"1D";1;"BBCH 69";"2024-06-05"
"1D";2;"BBCH 69";"2024-06-05"
"1D";1;"BBCH 69";"2024-06-05"
"1D";6;"BBCH 69";"2024-06-05"
"1D";1;"BBCH 69";"2024-06-05"
"1D";1;"BBCH 69";"2024-06-05"
"1D";1;"BBCH 69";"2024-06-05"
"2A";1;"BBCH 69";"2024-06-05"
"2A";1;"BBCH 69";"2024-06-05"
"2A";1;"BBCH 69";"2024-06-05"
"2A";1;"BBCH 69";"2024-06-05"
"2A";1;"BBCH 69";"2024-06-05"
"2A";2;"BBCH 69";"2024-06-05"
"2A";1;"BBCH 69";"2024-06-05"
"2A";3;"BBCH 69";"2024-06-05"
"2A";1;"BBCH 69";"2024-06-05"
"2A";2;"BBCH 69";"2024-06-05"
"2A";1;"BBCH 69";"2024-06-05"
"2A";4;"BBCH 69";"2024-06-05"
"2A";2;"BBCH 69";"2024-06-05"
"2A";1;"BBCH 69";"2024-06-05"
"2A";1;"BBCH 69";"2024-06-05"
"2A";1;"BBCH 69";"2024-06-05"
"2A";1;"BBCH 69";"2024-06-05"
"2A";3;"BBCH 69";"2024-06-05"
"2A";1;"BBCH 69";"2024-06-05"
"2A";4;"BBCH 69";"2024-06-05"
"2A";1;"BBCH 69";"2024-06-05"
"2A";1;"BBCH 69";"2024-06-05"
"2A";4;"BBCH 69";"2024-06-05"
"2A";2;"BBCH 69";"2024-06-05"
"2A";1;"BBCH 69";"2024-06-05"
"2A";1;"BBCH 69";"2024-06-05"
"2A";5;"BBCH 69";"2024-06-05"
"2A";1;"BBCH 69";"2024-06-05"
"2A";1;"BBCH 69";"2024-06-05"
"2A";2;"BBCH 69";"2024-06-05"
"2A";1;"BBCH 69";"2024-06-05"
"2A";3;"BBCH 69";"2024-06-05"
"2A";2;"BBCH 69";"2024-06-05"
"2A";1;"BBCH 69";"2024-06-05"
"2A";1;"BBCH 69";"2024-06-05"
"2A";1;"BBCH 69";"2024-06-05"
"2A";2;"BBCH 69";"2024-06-05"
"2A";3;"BBCH 69";"2024-06-05"
"2A";1;"BBCH 69";"2024-06-05"
"2A";2;"BBCH 69";"2024-06-05"
"2A";2;"BBCH 69";"2024-06-05"
"2A";2;"BBCH 69";"2024-06-05"
"2A";2;"BBCH 69";"2024-06-05"
"2A";5;"BBCH 69";"2024-06-05"
"2A";1;"BBCH 69";"2024-06-05"
"2A";1;"BBCH 69";"2024-06-05"
"2A";7;"BBCH 69";"2024-06-05"
"2A";2;"BBCH 69";"2024-06-05"
"2B";6;"BBCH 69";"2024-06-05"
"2B";2;"BBCH 69";"2024-06-05"
"2B";3;"BBCH 69";"2024-06-05"
"2B";2;"BBCH 69";"2024-06-05"
"2B";2;"BBCH 69";"2024-06-05"
"2B";2;"BBCH 69";"2024-06-05"
"2B";2;"BBCH 69";"2024-06-05"
"2B";3;"BBCH 69";"2024-06-05"
"2B";3;"BBCH 69";"2024-06-05"
"2B";2;"BBCH 69";"2024-06-05"
"2B";1;"BBCH 69";"2024-06-05"
"2B";1;"BBCH 69";"2024-06-05"
"2B";1;"BBCH 69";"2024-06-05"
"2B";4;"BBCH 69";"2024-06-05"
"2B";2;"BBCH 69";"2024-06-05"
"2B";2;"BBCH 69";"2024-06-05"
"2B";2;"BBCH 69";"2024-06-05"
"2B";6;"BBCH 69";"2024-06-05"
"2B";1;"BBCH 69";"2024-06-05"
"2B";2;"BBCH 69";"2024-06-05"
"2B";1;"BBCH 69";"2024-06-05"
"2B";1;"BBCH 69";"2024-06-05"
"2B";1;"BBCH 69";"2024-06-05"
"2B";1;"BBCH 69";"2024-06-05"
"2B";2;"BBCH 69";"2024-06-05"
"2B";1;"BBCH 69";"2024-06-05"
"2B";2;"BBCH 69";"2024-06-05"
"2B";2;"BBCH 69";"2024-06-05"
"2B";1;"BBCH 69";"2024-06-05"
"2B";1;"BBCH 69";"2024-06-05"
"2B";2;"BBCH 69";"2024-06-05"
"2B";10;"BBCH 69";"2024-06-05"
"2B";12;"BBCH 69";"2024-06-05"
"2B";1;"BBCH 69";"2024-06-05"
"2B";3;"BBCH 69";"2024-06-05"
"2B";2;"BBCH 69";"2024-06-05"
"2B";1;"BBCH 69";"2024-06-05"
"2B";2;"BBCH 69";"2024-06-05"
"2B";2;"BBCH 69";"2024-06-05"
"2B";2;"BBCH 69";"2024-06-05"
"2B";2;"BBCH 69";"2024-06-05"
"2B";4;"BBCH 69";"2024-06-05"
"2B";2;"BBCH 69";"2024-06-05"
"2B";1;"BBCH 69";"2024-06-05"
"2B";1;"BBCH 69";"2024-06-05"
"2B";2;"BBCH 69";"2024-06-05"
"2B";2;"BBCH 69";"2024-06-05"
"2B";3;"BBCH 69";"2024-06-05"
"2B";4;"BBCH 69";"2024-06-05"
"2B";3;"BBCH 69";"2024-06-05"
"2B";2;"BBCH 69";"2024-06-05"
"2B";3;"BBCH 69";"2024-06-05"
"2B";4;"BBCH 69";"2024-06-05"
"2B";2;"BBCH 69";"2024-06-05"
"2B";4;"BBCH 69";"2024-06-05"
"2B";3;"BBCH 69";"2024-06-05"
"2B";2;"BBCH 69";"2024-06-05"
"2B";2;"BBCH 69";"2024-06-05"
"2B";1;"BBCH 69";"2024-06-05"
"2C";3;"BBCH 69";"2024-06-05"
"2C";1;"BBCH 69";"2024-06-05"
"2C";1;"BBCH 69";"2024-06-05"
"2C";1;"BBCH 69";"2024-06-05"
"2C";5;"BBCH 69";"2024-06-05"
"2C";1;"BBCH 69";"2024-06-05"
"2C";2;"BBCH 69";"2024-06-05"
"2C";1;"BBCH 69";"2024-06-05"
"2C";1;"BBCH 69";"2024-06-05"
"2C";2;"BBCH 69";"2024-06-05"
"2C";2;"BBCH 69";"2024-06-05"
"2C";1;"BBCH 69";"2024-06-05"
"2C";2;"BBCH 69";"2024-06-05"
"2C";3;"BBCH 69";"2024-06-05"
"2C";1;"BBCH 69";"2024-06-05"
"2C";3;"BBCH 69";"2024-06-05"
"2C";2;"BBCH 69";"2024-06-05"
"2C";2;"BBCH 69";"2024-06-05"
"2C";2;"BBCH 69";"2024-06-05"
"2C";3;"BBCH 69";"2024-06-05"
"2C";2;"BBCH 69";"2024-06-05"
"2C";1;"BBCH 69";"2024-06-05"
"2C";1;"BBCH 69";"2024-06-05"
"2C";1;"BBCH 69";"2024-06-05"
"2C";1;"BBCH 69";"2024-06-05"
"2D";4;"BBCH 69";"2024-06-05"
"2D";5;"BBCH 69";"2024-06-05"
"2D";5;"BBCH 69";"2024-06-05"
"2D";3;"BBCH 69";"2024-06-05"
"2D";3;"BBCH 69";"2024-06-05"
"2D";3;"BBCH 69";"2024-06-05"
"2D";1;"BBCH 69";"2024-06-05"
"2D";3;"BBCH 69";"2024-06-05"
"2D";1;"BBCH 69";"2024-06-05"
"2D";1;"BBCH 69";"2024-06-05"
"2D";2;"BBCH 69";"2024-06-05"
"2D";4;"BBCH 69";"2024-06-05"
"2D";2;"BBCH 69";"2024-06-05"
"2D";1;"BBCH 69";"2024-06-05"
"2D";2;"BBCH 69";"2024-06-05"
"2D";3;"BBCH 69";"2024-06-05"
"2D";1;"BBCH 69";"2024-06-05"
"2D";1;"BBCH 69";"2024-06-05"
"2D";2;"BBCH 69";"2024-06-05"
"2D";2;"BBCH 69";"2024-06-05"
"2D";1;"BBCH 69";"2024-06-05"
"2D";4;"BBCH 69";"2024-06-05"
"2D";3;"BBCH 69";"2024-06-05"
"2D";4;"BBCH 69";"2024-06-05"
"2D";1;"BBCH 69";"2024-06-05"
"2D";3;"BBCH 69";"2024-06-05"
"2D";2;"BBCH 69";"2024-06-05"
"2D";2;"BBCH 69";"2024-06-05"
"2D";2;"BBCH 69";"2024-06-05"
"2D";1;"BBCH 69";"2024-06-05"
"2D";1;"BBCH 69";"2024-06-05"
"2D";3;"BBCH 69";"2024-06-05"
"2D";2;"BBCH 69";"2024-06-05"
"2D";3;"BBCH 69";"2024-06-05"
"2D";2;"BBCH 69";"2024-06-05"
"2D";3;"BBCH 69";"2024-06-05"
"2D";1;"BBCH 69";"2024-06-05"
"2D";1;"BBCH 69";"2024-06-05"
"2D";2;"BBCH 69";"2024-06-05"
"2D";3;"BBCH 69";"2024-06-05"
"2D";1;"BBCH 69";"2024-06-05"
"2D";4;"BBCH 69";"2024-06-05"
"2D";2;"BBCH 69";"2024-06-05"
"2D";2;"BBCH 69";"2024-06-05"
"2D";2;"BBCH 69";"2024-06-05"
"2D";1;"BBCH 69";"2024-06-05"
"2D";3;"BBCH 69";"2024-06-05"
"2D";3;"BBCH 69";"2024-06-05"
"2D";1;"BBCH 69";"2024-06-05"
"2D";5;"BBCH 69";"2024-06-05"
"2D";2;"BBCH 69";"2024-06-05"
"2D";1;"BBCH 69";"2024-06-05"
"2D";3;"BBCH 69";"2024-06-05"
"2D";2;"BBCH 69";"2024-06-05"
"2D";2;"BBCH 69";"2024-06-05"
"2D";3;"BBCH 69";"2024-06-05"
"2D";1;"BBCH 69";"2024-06-05"
"2D";2;"BBCH 69";"2024-06-05"
"2D";6;"BBCH 69";"2024-06-05"
"2D";2;"BBCH 69";"2024-06-05"
"2D";3;"BBCH 69";"2024-06-05"
"2D";2;"BBCH 69";"2024-06-05"
"2D";4;"BBCH 69";"2024-06-05"
"2D";1;"BBCH 69";"2024-06-05"
"3A";4;"BBCH 69";"2024-06-05"
"3A";3;"BBCH 69";"2024-06-05"
"3A";1;"BBCH 69";"2024-06-05"
"3A";2;"BBCH 69";"2024-06-05"
"3A";3;"BBCH 69";"2024-06-05"
"3A";1;"BBCH 69";"2024-06-05"
"3A";1;"BBCH 69";"2024-06-05"
"3A";2;"BBCH 69";"2024-06-05"
"3A";4;"BBCH 69";"2024-06-05"
"3A";2;"BBCH 69";"2024-06-05"
"3A";1;"BBCH 69";"2024-06-05"
"3A";1;"BBCH 69";"2024-06-05"
"3A";4;"BBCH 69";"2024-06-05"
"3A";1;"BBCH 69";"2024-06-05"
"3A";1;"BBCH 69";"2024-06-05"
"3A";4;"BBCH 69";"2024-06-05"
"3A";3;"BBCH 69";"2024-06-05"
"3A";1;"BBCH 69";"2024-06-05"
"3A";4;"BBCH 69";"2024-06-05"
"3A";2;"BBCH 69";"2024-06-05"
"3A";1;"BBCH 69";"2024-06-05"
"3A";1;"BBCH 69";"2024-06-05"
"3A";1;"BBCH 69";"2024-06-05"
"3A";2;"BBCH 69";"2024-06-05"
"3A";2;"BBCH 69";"2024-06-05"
"3A";2;"BBCH 69";"2024-06-05"
"3A";2;"BBCH 69";"2024-06-05"
"3A";2;"BBCH 69";"2024-06-05"
"3A";1;"BBCH 69";"2024-06-05"
"3A";1;"BBCH 69";"2024-06-05"
"3A";2;"BBCH 69";"2024-06-05"
"3A";3;"BBCH 69";"2024-06-05"
"3A";3;"BBCH 69";"2024-06-05"
"3A";1;"BBCH 69";"2024-06-05"
"3A";2;"BBCH 69";"2024-06-05"
"3A";3;"BBCH 69";"2024-06-05"
"3A";2;"BBCH 69";"2024-06-05"
"3A";2;"BBCH 69";"2024-06-05"
"3A";1;"BBCH 69";"2024-06-05"
"3A";5;"BBCH 69";"2024-06-05"
"3A";3;"BBCH 69";"2024-06-05"
"3A";1;"BBCH 69";"2024-06-05"
"3A";1;"BBCH 69";"2024-06-05"
"3A";2;"BBCH 69";"2024-06-05"
"3A";1;"BBCH 69";"2024-06-05"
"3A";2;"BBCH 69";"2024-06-05"
"3A";4;"BBCH 69";"2024-06-05"
"3A";1;"BBCH 69";"2024-06-05"
"3A";1;"BBCH 69";"2024-06-05"
"3B";1;"BBCH 69";"2024-06-05"
"3B";1;"BBCH 69";"2024-06-05"
"3B";10;"BBCH 69";"2024-06-05"
"3B";1;"BBCH 69";"2024-06-05"
"3B";2;"BBCH 69";"2024-06-05"
"3B";2;"BBCH 69";"2024-06-05"
"3B";1;"BBCH 69";"2024-06-05"
"3B";4;"BBCH 69";"2024-06-05"
"3B";1;"BBCH 69";"2024-06-05"
"3B";1;"BBCH 69";"2024-06-05"
"3B";2;"BBCH 69";"2024-06-05"
"3B";1;"BBCH 69";"2024-06-05"
"3B";1;"BBCH 69";"2024-06-05"
"3B";1;"BBCH 69";"2024-06-05"
"3B";4;"BBCH 69";"2024-06-05"
"3B";3;"BBCH 69";"2024-06-05"
"3B";1;"BBCH 69";"2024-06-05"
"3B";4;"BBCH 69";"2024-06-05"
"3B";1;"BBCH 69";"2024-06-05"
"3B";1;"BBCH 69";"2024-06-05"
"3B";2;"BBCH 69";"2024-06-05"
"3B";2;"BBCH 69";"2024-06-05"
"3B";6;"BBCH 69";"2024-06-05"
"3B";3;"BBCH 69";"2024-06-05"
"3B";2;"BBCH 69";"2024-06-05"
"3B";3;"BBCH 69";"2024-06-05"
"3B";1;"BBCH 69";"2024-06-05"
"3B";2;"BBCH 69";"2024-06-05"
"3B";3;"BBCH 69";"2024-06-05"
"3B";2;"BBCH 69";"2024-06-05"
"3B";2;"BBCH 69";"2024-06-05"
"3B";2;"BBCH 69";"2024-06-05"
"3B";1;"BBCH 69";"2024-06-05"
"3B";2;"BBCH 69";"2024-06-05"
"3B";1;"BBCH 69";"2024-06-05"
"3B";2;"BBCH 69";"2024-06-05"
"3B";3;"BBCH 69";"2024-06-05"
"3B";1;"BBCH 69";"2024-06-05"
"3B";2;"BBCH 69";"2024-06-05"
"3B";3;"BBCH 69";"2024-06-05"
"3B";4;"BBCH 69";"2024-06-05"
"3B";1;"BBCH 69";"2024-06-05"
"3B";2;"BBCH 69";"2024-06-05"
"3B";1;"BBCH 69";"2024-06-05"
"3B";1;"BBCH 69";"2024-06-05"
"3B";1;"BBCH 69";"2024-06-05"
"3B";2;"BBCH 69";"2024-06-05"
"3B";3;"BBCH 69";"2024-06-05"
"3B";1;"BBCH 69";"2024-06-05"
"3B";1;"BBCH 69";"2024-06-05"
"3B";1;"BBCH 69";"2024-06-05"
"3B";2;"BBCH 69";"2024-06-05"
"3B";2;"BBCH 69";"2024-06-05"
"3B";1;"BBCH 69";"2024-06-05"
"3B";3;"BBCH 69";"2024-06-05"
"3B";1;"BBCH 69";"2024-06-05"
"3B";3;"BBCH 69";"2024-06-05"
"3B";2;"BBCH 69";"2024-06-05"
"3B";1;"BBCH 69";"2024-06-05"
"3B";2;"BBCH 69";"2024-06-05"
"3B";1;"BBCH 69";"2024-06-05"
"3C";2;"BBCH 69";"2024-06-05"
"3C";2;"BBCH 69";"2024-06-05"
"3C";1;"BBCH 69";"2024-06-05"
"3C";2;"BBCH 69";"2024-06-05"
"3C";2;"BBCH 69";"2024-06-05"
"3C";1;"BBCH 69";"2024-06-05"
"3C";4;"BBCH 69";"2024-06-05"
"3C";3;"BBCH 69";"2024-06-05"
"3C";1;"BBCH 69";"2024-06-05"
"3C";2;"BBCH 69";"2024-06-05"
"3C";3;"BBCH 69";"2024-06-05"
"3C";4;"BBCH 69";"2024-06-05"
"3C";4;"BBCH 69";"2024-06-05"
"3C";3;"BBCH 69";"2024-06-05"
"3C";1;"BBCH 69";"2024-06-05"
"3C";2;"BBCH 69";"2024-06-05"
"3C";1;"BBCH 69";"2024-06-05"
"3C";2;"BBCH 69";"2024-06-05"
"3C";4;"BBCH 69";"2024-06-05"
"3C";4;"BBCH 69";"2024-06-05"
"3C";4;"BBCH 69";"2024-06-05"
"3C";1;"BBCH 69";"2024-06-05"
"3C";2;"BBCH 69";"2024-06-05"
"3C";3;"BBCH 69";"2024-06-05"
"3C";6;"BBCH 69";"2024-06-05"
"3C";2;"BBCH 69";"2024-06-05"
"3C";3;"BBCH 69";"2024-06-05"
"3C";2;"BBCH 69";"2024-06-05"
"3C";4;"BBCH 69";"2024-06-05"
"3C";4;"BBCH 69";"2024-06-05"
"3C";1;"BBCH 69";"2024-06-05"
"3C";2;"BBCH 69";"2024-06-05"
"3C";5;"BBCH 69";"2024-06-05"
"3C";1;"BBCH 69";"2024-06-05"
"3C";2;"BBCH 69";"2024-06-05"
"3C";3;"BBCH 69";"2024-06-05"
"3C";2;"BBCH 69";"2024-06-05"
"3C";2;"BBCH 69";"2024-06-05"
"3C";2;"BBCH 69";"2024-06-05"
"3C";2;"BBCH 69";"2024-06-05"
"3C";2;"BBCH 69";"2024-06-05"
"3C";2;"BBCH 69";"2024-06-05"
"3C";4;"BBCH 69";"2024-06-05"
"3C";3;"BBCH 69";"2024-06-05"
"3C";1;"BBCH 69";"2024-06-05"
"3C";1;"BBCH 69";"2024-06-05"
"3C";2;"BBCH 69";"2024-06-05"
"3C";2;"BBCH 69";"2024-06-05"
"3C";2;"BBCH 69";"2024-06-05"
"3C";5;"BBCH 69";"2024-06-05"
"3C";3;"BBCH 69";"2024-06-05"
"3C";4;"BBCH 69";"2024-06-05"
"3C";4;"BBCH 69";"2024-06-05"
"3C";2;"BBCH 69";"2024-06-05"
"3C";4;"BBCH 69";"2024-06-05"
"3C";3;"BBCH 69";"2024-06-05"
"3C";4;"BBCH 69";"2024-06-05"
"3C";1;"BBCH 69";"2024-06-05"
"3C";2;"BBCH 69";"2024-06-05"
"3C";2;"BBCH 69";"2024-06-05"
"3C";2;"BBCH 69";"2024-06-05"
"3C";1;"BBCH 69";"2024-06-05"
"3C";1;"BBCH 69";"2024-06-05"
"3C";3;"BBCH 69";"2024-06-05"
"3C";1;"BBCH 69";"2024-06-05"
"3C";3;"BBCH 69";"2024-06-05"
"3D";1;"BBCH 69";"2024-06-05"
"3D";1;"BBCH 69";"2024-06-05"
"3D";3;"BBCH 69";"2024-06-05"
"3D";3;"BBCH 69";"2024-06-05"
"3D";3;"BBCH 69";"2024-06-05"
"3D";1;"BBCH 69";"2024-06-05"
"3D";1;"BBCH 69";"2024-06-05"
"3D";1;"BBCH 69";"2024-06-05"
"3D";1;"BBCH 69";"2024-06-05"
"3D";5;"BBCH 69";"2024-06-05"
"3D";3;"BBCH 69";"2024-06-05"
"3D";2;"BBCH 69";"2024-06-05"
"3D";1;"BBCH 69";"2024-06-05"
"3D";1;"BBCH 69";"2024-06-05"
"3D";2;"BBCH 69";"2024-06-05"
"3D";1;"BBCH 69";"2024-06-05"
"3D";5;"BBCH 69";"2024-06-05"
"3D";6;"BBCH 69";"2024-06-05"
"3D";1;"BBCH 69";"2024-06-05"
"3D";4;"BBCH 69";"2024-06-05"
"3D";4;"BBCH 69";"2024-06-05"
"3D";1;"BBCH 69";"2024-06-05"
"3D";1;"BBCH 69";"2024-06-05"
"3D";3;"BBCH 69";"2024-06-05"
"3D";2;"BBCH 69";"2024-06-05"
"3D";3;"BBCH 69";"2024-06-05"
"3D";1;"BBCH 69";"2024-06-05"
"3D";4;"BBCH 69";"2024-06-05"
"3D";2;"BBCH 69";"2024-06-05"
"3D";1;"BBCH 69";"2024-06-05"
"3D";1;"BBCH 69";"2024-06-05"
"3D";3;"BBCH 69";"2024-06-05"
"3D";2;"BBCH 69";"2024-06-05"
"3D";1;"BBCH 69";"2024-06-05"
"3D";1;"BBCH 69";"2024-06-05"
"3D";3;"BBCH 69";"2024-06-05"
"3D";1;"BBCH 69";"2024-06-05"
"3D";1;"BBCH 69";"2024-06-05"
"3D";1;"BBCH 69";"2024-06-05"
"3D";1;"BBCH 69";"2024-06-05"
"3D";1;"BBCH 69";"2024-06-05"
"3D";1;"BBCH 69";"2024-06-05"
"3D";2;"BBCH 69";"2024-06-05"
"3D";1;"BBCH 69";"2024-06-05"
"3D";2;"BBCH 69";"2024-06-05"
"3D";2;"BBCH 69";"2024-06-05"
"4A";2;"BBCH 69";"2024-06-05"
"4A";1;"BBCH 69";"2024-06-05"
"4A";1;"BBCH 69";"2024-06-05"
"4A";2;"BBCH 69";"2024-06-05"
"4A";3;"BBCH 69";"2024-06-05"
"4A";1;"BBCH 69";"2024-06-05"
"4A";1;"BBCH 69";"2024-06-05"
"4A";15;"BBCH 69";"2024-06-05"
"4A";5;"BBCH 69";"2024-06-05"
"4A";4;"BBCH 69";"2024-06-05"
"4A";2;"BBCH 69";"2024-06-05"
"4A";15;"BBCH 69";"2024-06-05"
"4A";5;"BBCH 69";"2024-06-05"
"4A";4;"BBCH 69";"2024-06-05"
"4A";1;"BBCH 69";"2024-06-05"
"4A";2;"BBCH 69";"2024-06-05"
"4A";1;"BBCH 69";"2024-06-05"
"4A";1;"BBCH 69";"2024-06-05"
"4A";2;"BBCH 69";"2024-06-05"
"4A";1;"BBCH 69";"2024-06-05"
"4A";4;"BBCH 69";"2024-06-05"
"4A";7;"BBCH 69";"2024-06-05"
"4A";1;"BBCH 69";"2024-06-05"
"4A";2;"BBCH 69";"2024-06-05"
"4A";1;"BBCH 69";"2024-06-05"
"4A";1;"BBCH 69";"2024-06-05"
"4A";2;"BBCH 69";"2024-06-05"
"4A";1;"BBCH 69";"2024-06-05"
"4A";2;"BBCH 69";"2024-06-05"
"4A";3;"BBCH 69";"2024-06-05"
"4A";1;"BBCH 69";"2024-06-05"
"4A";1;"BBCH 69";"2024-06-05"
"4A";1;"BBCH 69";"2024-06-05"
"4A";2;"BBCH 69";"2024-06-05"
"4A";2;"BBCH 69";"2024-06-05"
"4A";1;"BBCH 69";"2024-06-05"
"4A";1;"BBCH 69";"2024-06-05"
"4A";1;"BBCH 69";"2024-06-05"
"4A";1;"BBCH 69";"2024-06-05"
"4A";1;"BBCH 69";"2024-06-05"
"4A";2;"BBCH 69";"2024-06-05"
"4A";1;"BBCH 69";"2024-06-05"
"4A";2;"BBCH 69";"2024-06-05"
"4A";1;"BBCH 69";"2024-06-05"
"4A";3;"BBCH 69";"2024-06-05"
"4A";1;"BBCH 69";"2024-06-05"
"4A";1;"BBCH 69";"2024-06-05"
"4A";1;"BBCH 69";"2024-06-05"
"4A";2;"BBCH 69";"2024-06-05"
"4A";1;"BBCH 69";"2024-06-05"
"4A";2;"BBCH 69";"2024-06-05"
"4A";1;"BBCH 69";"2024-06-05"
"4B";4;"BBCH 69";"2024-06-05"
"4B";2;"BBCH 69";"2024-06-05"
"4B";3;"BBCH 69";"2024-06-05"
"4B";3;"BBCH 69";"2024-06-05"
"4B";2;"BBCH 69";"2024-06-05"
"4B";3;"BBCH 69";"2024-06-05"
"4B";2;"BBCH 69";"2024-06-05"
"4B";1;"BBCH 69";"2024-06-05"
"4B";1;"BBCH 69";"2024-06-05"
"4B";1;"BBCH 69";"2024-06-05"
"4B";2;"BBCH 69";"2024-06-05"
"4B";1;"BBCH 69";"2024-06-05"
"4B";4;"BBCH 69";"2024-06-05"
"4B";2;"BBCH 69";"2024-06-05"
"4B";2;"BBCH 69";"2024-06-05"
"4B";1;"BBCH 69";"2024-06-05"
"4B";4;"BBCH 69";"2024-06-05"
"4B";2;"BBCH 69";"2024-06-05"
"4B";3;"BBCH 69";"2024-06-05"
"4B";8;"BBCH 69";"2024-06-05"
"4B";1;"BBCH 69";"2024-06-05"
"4B";1;"BBCH 69";"2024-06-05"
"4B";3;"BBCH 69";"2024-06-05"
"4B";3;"BBCH 69";"2024-06-05"
"4B";1;"BBCH 69";"2024-06-05"
"4B";1;"BBCH 69";"2024-06-05"
"4B";3;"BBCH 69";"2024-06-05"
"4B";1;"BBCH 69";"2024-06-05"
"4B";2;"BBCH 69";"2024-06-05"
"4B";4;"BBCH 69";"2024-06-05"
"4B";1;"BBCH 69";"2024-06-05"
"4B";1;"BBCH 69";"2024-06-05"
"4B";2;"BBCH 69";"2024-06-05"
"4B";8;"BBCH 69";"2024-06-05"
"4B";6;"BBCH 69";"2024-06-05"
"4B";1;"BBCH 69";"2024-06-05"
"4B";1;"BBCH 69";"2024-06-05"
"4B";12;"BBCH 69";"2024-06-05"
"4B";4;"BBCH 69";"2024-06-05"
"4B";1;"BBCH 69";"2024-06-05"
"4B";1;"BBCH 69";"2024-06-05"
"4B";1;"BBCH 69";"2024-06-05"
"4B";1;"BBCH 69";"2024-06-05"
"4B";8;"BBCH 69";"2024-06-05"
"4B";1;"BBCH 69";"2024-06-05"
"4B";1;"BBCH 69";"2024-06-05"
"4B";4;"BBCH 69";"2024-06-05"
"4B";5;"BBCH 69";"2024-06-05"
"4B";3;"BBCH 69";"2024-06-05"
"4B";2;"BBCH 69";"2024-06-05"
"4B";3;"BBCH 69";"2024-06-05"
"4B";7;"BBCH 69";"2024-06-05"
"4B";2;"BBCH 69";"2024-06-05"
"4B";2;"BBCH 69";"2024-06-05"
"4B";1;"BBCH 69";"2024-06-05"
"4B";3;"BBCH 69";"2024-06-05"
"4B";2;"BBCH 69";"2024-06-05"
"4B";2;"BBCH 69";"2024-06-05"
"4C";2;"BBCH 69";"2024-06-05"
"4C";2;"BBCH 69";"2024-06-05"
"4C";1;"BBCH 69";"2024-06-05"
"4C";1;"BBCH 69";"2024-06-05"
"4C";1;"BBCH 69";"2024-06-05"
"4C";2;"BBCH 69";"2024-06-05"
"4C";2;"BBCH 69";"2024-06-05"
"4C";4;"BBCH 69";"2024-06-05"
"4C";3;"BBCH 69";"2024-06-05"
"4C";1;"BBCH 69";"2024-06-05"
"4C";1;"BBCH 69";"2024-06-05"
"4C";3;"BBCH 69";"2024-06-05"
"4C";4;"BBCH 69";"2024-06-05"
"4C";4;"BBCH 69";"2024-06-05"
"4C";1;"BBCH 69";"2024-06-05"
"4C";2;"BBCH 69";"2024-06-05"
"4C";3;"BBCH 69";"2024-06-05"
"4C";2;"BBCH 69";"2024-06-05"
"4C";1;"BBCH 69";"2024-06-05"
"4C";1;"BBCH 69";"2024-06-05"
"4C";4;"BBCH 69";"2024-06-05"
"4C";2;"BBCH 69";"2024-06-05"
"4C";2;"BBCH 69";"2024-06-05"
"4C";1;"BBCH 69";"2024-06-05"
"4C";2;"BBCH 69";"2024-06-05"
"4C";4;"BBCH 69";"2024-06-05"
"4C";5;"BBCH 69";"2024-06-05"
"4C";2;"BBCH 69";"2024-06-05"
"4C";4;"BBCH 69";"2024-06-05"
"4C";1;"BBCH 69";"2024-06-05"
"4C";2;"BBCH 69";"2024-06-05"
"4C";2;"BBCH 69";"2024-06-05"
"4C";1;"BBCH 69";"2024-06-05"
"4C";4;"BBCH 69";"2024-06-05"
"4C";1;"BBCH 69";"2024-06-05"
"4C";2;"BBCH 69";"2024-06-05"
"4C";1;"BBCH 69";"2024-06-05"
"4C";2;"BBCH 69";"2024-06-05"
"4C";1;"BBCH 69";"2024-06-05"
"4C";1;"BBCH 69";"2024-06-05"
"4C";2;"BBCH 69";"2024-06-05"
"4C";3;"BBCH 69";"2024-06-05"
"4C";1;"BBCH 69";"2024-06-05"
"4C";1;"BBCH 69";"2024-06-05"
"4C";2;"BBCH 69";"2024-06-05"
"4C";3;"BBCH 69";"2024-06-05"
"4C";1;"BBCH 69";"2024-06-05"
"4C";1;"BBCH 69";"2024-06-05"
"4C";1;"BBCH 69";"2024-06-05"
"4C";1;"BBCH 69";"2024-06-05"
"4C";4;"BBCH 69";"2024-06-05"
"4C";7;"BBCH 69";"2024-06-05"
"4C";4;"BBCH 69";"2024-06-05"
"4C";3;"BBCH 69";"2024-06-05"
"4C";2;"BBCH 69";"2024-06-05"
"4C";2;"BBCH 69";"2024-06-05"
"4C";3;"BBCH 69";"2024-06-05"
"4C";4;"BBCH 69";"2024-06-05"
"4C";2;"BBCH 69";"2024-06-05"
"4C";1;"BBCH 69";"2024-06-05"
"4C";2;"BBCH 69";"2024-06-05"
"4C";1;"BBCH 69";"2024-06-05"
"4C";4;"BBCH 69";"2024-06-05"
"4C";1;"BBCH 69";"2024-06-05"
"4C";3;"BBCH 69";"2024-06-05"
"4C";2;"BBCH 69";"2024-06-05"
"4C";1;"BBCH 69";"2024-06-05"
"4D";1;"BBCH 69";"2024-06-05"
"4D";1;"BBCH 69";"2024-06-05"
"4D";2;"BBCH 69";"2024-06-05"
"4D";2;"BBCH 69";"2024-06-05"
"4D";2;"BBCH 69";"2024-06-05"
"4D";1;"BBCH 69";"2024-06-05"
"4D";1;"BBCH 69";"2024-06-05"
"4D";2;"BBCH 69";"2024-06-05"
"4D";3;"BBCH 69";"2024-06-05"
"4D";1;"BBCH 69";"2024-06-05"
"4D";1;"BBCH 69";"2024-06-05"
"4D";4;"BBCH 69";"2024-06-05"
"4D";2;"BBCH 69";"2024-06-05"
"4D";7;"BBCH 69";"2024-06-05"
"4D";1;"BBCH 69";"2024-06-05"
"4D";1;"BBCH 69";"2024-06-05"
"4D";4;"BBCH 69";"2024-06-05"
"4D";4;"BBCH 69";"2024-06-05"
"4D";3;"BBCH 69";"2024-06-05"
"4D";3;"BBCH 69";"2024-06-05"
"4D";2;"BBCH 69";"2024-06-05"
"4D";5;"BBCH 69";"2024-06-05"
"4D";2;"BBCH 69";"2024-06-05"
"4D";2;"BBCH 69";"2024-06-05"
"4D";3;"BBCH 69";"2024-06-05"
"4D";4;"BBCH 69";"2024-06-05"
"4D";1;"BBCH 69";"2024-06-05"
"4D";1;"BBCH 69";"2024-06-05"
"4D";1;"BBCH 69";"2024-06-05"
"4D";1;"BBCH 69";"2024-06-05"
"4D";1;"BBCH 69";"2024-06-05"
"4D";1;"BBCH 69";"2024-06-05"
"4D";3;"BBCH 69";"2024-06-05"
"4D";2;"BBCH 69";"2024-06-05"
"4D";1;"BBCH 69";"2024-06-05"
"4D";3;"BBCH 69";"2024-06-05"
"4D";1;"BBCH 69";"2024-06-05"
"4D";1;"BBCH 69";"2024-06-05"
"4D";4;"BBCH 69";"2024-06-05"
"4D";1;"BBCH 69";"2024-06-05"
"4D";3;"BBCH 69";"2024-06-05"
"4D";3;"BBCH 69";"2024-06-05"
"4D";1;"BBCH 69";"2024-06-05"
"4D";1;"BBCH 69";"2024-06-05"
"4D";1;"BBCH 69";"2024-06-05"
"4D";3;"BBCH 69";"2024-06-05"
"4D";4;"BBCH 69";"2024-06-05"
"4D";5;"BBCH 69";"2024-06-05"
"5A";2;"BBCH 69";"2024-06-05"
"5A";2;"BBCH 69";"2024-06-05"
"5A";2;"BBCH 69";"2024-06-05"
"5A";4;"BBCH 69";"2024-06-05"
"5A";2;"BBCH 69";"2024-06-05"
"5A";2;"BBCH 69";"2024-06-05"
"5A";1;"BBCH 69";"2024-06-05"
"5A";3;"BBCH 69";"2024-06-05"
"5A";4;"BBCH 69";"2024-06-05"
"5A";1;"BBCH 69";"2024-06-05"
"5A";1;"BBCH 69";"2024-06-05"
"5A";3;"BBCH 69";"2024-06-05"
"5A";2;"BBCH 69";"2024-06-05"
"5A";2;"BBCH 69";"2024-06-05"
"5A";2;"BBCH 69";"2024-06-05"
"5A";2;"BBCH 69";"2024-06-05"
"5A";1;"BBCH 69";"2024-06-05"
"5A";1;"BBCH 69";"2024-06-05"
"5A";1;"BBCH 69";"2024-06-05"
"5A";1;"BBCH 69";"2024-06-05"
"5A";1;"BBCH 69";"2024-06-05"
"5A";3;"BBCH 69";"2024-06-05"
"5A";2;"BBCH 69";"2024-06-05"
"5A";1;"BBCH 69";"2024-06-05"
"5A";1;"BBCH 69";"2024-06-05"
"5A";2;"BBCH 69";"2024-06-05"
"5A";3;"BBCH 69";"2024-06-05"
"5A";1;"BBCH 69";"2024-06-05"
"5A";2;"BBCH 69";"2024-06-05"
"5A";3;"BBCH 69";"2024-06-05"
"5A";1;"BBCH 69";"2024-06-05"
"5A";1;"BBCH 69";"2024-06-05"
"5A";3;"BBCH 69";"2024-06-05"
"5A";3;"BBCH 69";"2024-06-05"
"5A";2;"BBCH 69";"2024-06-05"
"5A";4;"BBCH 69";"2024-06-05"
"5A";1;"BBCH 69";"2024-06-05"
"5A";2;"BBCH 69";"2024-06-05"
"5A";1;"BBCH 69";"2024-06-05"
"5A";2;"BBCH 69";"2024-06-05"
"5A";1;"BBCH 69";"2024-06-05"
"5A";2;"BBCH 69";"2024-06-05"
"5A";1;"BBCH 69";"2024-06-05"
"5A";2;"BBCH 69";"2024-06-05"
"5B";5;"BBCH 69";"2024-06-05"
"5B";3;"BBCH 69";"2024-06-05"
"5B";1;"BBCH 69";"2024-06-05"
"5B";1;"BBCH 69";"2024-06-05"
"5B";3;"BBCH 69";"2024-06-05"
"5B";4;"BBCH 69";"2024-06-05"
"5B";1;"BBCH 69";"2024-06-05"
"5B";1;"BBCH 69";"2024-06-05"
"5B";2;"BBCH 69";"2024-06-05"
"5B";1;"BBCH 69";"2024-06-05"
"5B";1;"BBCH 69";"2024-06-05"
"5B";4;"BBCH 69";"2024-06-05"
"5B";5;"BBCH 69";"2024-06-05"
"5B";3;"BBCH 69";"2024-06-05"
"5B";5;"BBCH 69";"2024-06-05"
"5B";12;"BBCH 69";"2024-06-05"
"5B";2;"BBCH 69";"2024-06-05"
"5B";2;"BBCH 69";"2024-06-05"
"5B";2;"BBCH 69";"2024-06-05"
"5B";3;"BBCH 69";"2024-06-05"
"5B";1;"BBCH 69";"2024-06-05"
"5B";5;"BBCH 69";"2024-06-05"
"5B";4;"BBCH 69";"2024-06-05"
"5B";4;"BBCH 69";"2024-06-05"
"5B";5;"BBCH 69";"2024-06-05"
"5B";4;"BBCH 69";"2024-06-05"
"5B";5;"BBCH 69";"2024-06-05"
"5B";3;"BBCH 69";"2024-06-05"
"5B";6;"BBCH 69";"2024-06-05"
"5B";1;"BBCH 69";"2024-06-05"
"5B";3;"BBCH 69";"2024-06-05"
"5B";6;"BBCH 69";"2024-06-05"
"5B";12;"BBCH 69";"2024-06-05"
"5B";4;"BBCH 69";"2024-06-05"
"5B";3;"BBCH 69";"2024-06-05"
"5B";1;"BBCH 69";"2024-06-05"
"5B";4;"BBCH 69";"2024-06-05"
"5B";3;"BBCH 69";"2024-06-05"
"5B";2;"BBCH 69";"2024-06-05"
"5B";5;"BBCH 69";"2024-06-05"
"5B";8;"BBCH 69";"2024-06-05"
"5B";12;"BBCH 69";"2024-06-05"
"5B";3;"BBCH 69";"2024-06-05"
"5B";3;"BBCH 69";"2024-06-05"
"5B";2;"BBCH 69";"2024-06-05"
"5B";4;"BBCH 69";"2024-06-05"
"5B";2;"BBCH 69";"2024-06-05"
"5B";2;"BBCH 69";"2024-06-05"
"5B";1;"BBCH 69";"2024-06-05"
"5B";4;"BBCH 69";"2024-06-05"
"5B";4;"BBCH 69";"2024-06-05"
"5B";1;"BBCH 69";"2024-06-05"
"5B";8;"BBCH 69";"2024-06-05"
"5B";6;"BBCH 69";"2024-06-05"
"5B";3;"BBCH 69";"2024-06-05"
"5B";3;"BBCH 69";"2024-06-05"
"5B";6;"BBCH 69";"2024-06-05"
"5B";4;"BBCH 69";"2024-06-05"
"5B";2;"BBCH 69";"2024-06-05"
"5B";10;"BBCH 69";"2024-06-05"
"5B";8;"BBCH 69";"2024-06-05"
"5B";1;"BBCH 69";"2024-06-05"
"5B";8;"BBCH 69";"2024-06-05"
"5B";6;"BBCH 69";"2024-06-05"
"5B";1;"BBCH 69";"2024-06-05"
"5B";6;"BBCH 69";"2024-06-05"
"5B";2;"BBCH 69";"2024-06-05"
"5B";2;"BBCH 69";"2024-06-05"
"5B";1;"BBCH 69";"2024-06-05"
"5B";5;"BBCH 69";"2024-06-05"
"5B";8;"BBCH 69";"2024-06-05"
"5B";1;"BBCH 69";"2024-06-05"
"5B";3;"BBCH 69";"2024-06-05"
"5B";2;"BBCH 69";"2024-06-05"
"5B";1;"BBCH 69";"2024-06-05"
"5B";2;"BBCH 69";"2024-06-05"
"5B";1;"BBCH 69";"2024-06-05"
"5B";2;"BBCH 69";"2024-06-05"
"5B";3;"BBCH 69";"2024-06-05"
"5B";6;"BBCH 69";"2024-06-05"
"5B";3;"BBCH 69";"2024-06-05"
"5B";2;"BBCH 69";"2024-06-05"
"5B";8;"BBCH 69";"2024-06-05"
"5B";2;"BBCH 69";"2024-06-05"
"5B";1;"BBCH 69";"2024-06-05"
"5B";1;"BBCH 69";"2024-06-05"
"5B";2;"BBCH 69";"2024-06-05"
"5B";3;"BBCH 69";"2024-06-05"
"5B";2;"BBCH 69";"2024-06-05"
"5B";1;"BBCH 69";"2024-06-05"
"5B";2;"BBCH 69";"2024-06-05"
"5B";1;"BBCH 69";"2024-06-05"
"5B";5;"BBCH 69";"2024-06-05"
"5B";1;"BBCH 69";"2024-06-05"
"5C";3;"BBCH 69";"2024-06-05"
"5C";3;"BBCH 69";"2024-06-05"
"5C";2;"BBCH 69";"2024-06-05"
"5C";1;"BBCH 69";"2024-06-05"
"5C";1;"BBCH 69";"2024-06-05"
"5C";1;"BBCH 69";"2024-06-05"
"5C";2;"BBCH 69";"2024-06-05"
"5C";1;"BBCH 69";"2024-06-05"
"5C";1;"BBCH 69";"2024-06-05"
"5C";1;"BBCH 69";"2024-06-05"
"5C";2;"BBCH 69";"2024-06-05"
"5C";1;"BBCH 69";"2024-06-05"
"5C";4;"BBCH 69";"2024-06-05"
"5C";1;"BBCH 69";"2024-06-05"
"5C";1;"BBCH 69";"2024-06-05"
"5C";3;"BBCH 69";"2024-06-05"
"5C";2;"BBCH 69";"2024-06-05"
"5C";4;"BBCH 69";"2024-06-05"
"5C";2;"BBCH 69";"2024-06-05"
"5C";1;"BBCH 69";"2024-06-05"
"5C";2;"BBCH 69";"2024-06-05"
"5C";4;"BBCH 69";"2024-06-05"
"5C";2;"BBCH 69";"2024-06-05"
"5C";1;"BBCH 69";"2024-06-05"
"5C";3;"BBCH 69";"2024-06-05"
"5C";2;"BBCH 69";"2024-06-05"
"5C";1;"BBCH 69";"2024-06-05"
"5C";2;"BBCH 69";"2024-06-05"
"5C";1;"BBCH 69";"2024-06-05"
"5C";2;"BBCH 69";"2024-06-05"
"5C";1;"BBCH 69";"2024-06-05"
"5C";2;"BBCH 69";"2024-06-05"
"5C";1;"BBCH 69";"2024-06-05"
"5C";1;"BBCH 69";"2024-06-05"
"5D";4;"BBCH 69";"2024-06-05"
"5D";2;"BBCH 69";"2024-06-05"
"5D";3;"BBCH 69";"2024-06-05"
"5D";1;"BBCH 69";"2024-06-05"
"5D";7;"BBCH 69";"2024-06-05"
"5D";4;"BBCH 69";"2024-06-05"
"5D";1;"BBCH 69";"2024-06-05"
"5D";6;"BBCH 69";"2024-06-05"
"5D";1;"BBCH 69";"2024-06-05"
"5D";1;"BBCH 69";"2024-06-05"
"5D";1;"BBCH 69";"2024-06-05"
"5D";3;"BBCH 69";"2024-06-05"
"5D";2;"BBCH 69";"2024-06-05"
"5D";2;"BBCH 69";"2024-06-05"
"5D";2;"BBCH 69";"2024-06-05"
"5D";1;"BBCH 69";"2024-06-05"
"5D";1;"BBCH 69";"2024-06-05"
"5D";1;"BBCH 69";"2024-06-05"
"5D";1;"BBCH 69";"2024-06-05"
"5D";3;"BBCH 69";"2024-06-05"
"5D";1;"BBCH 69";"2024-06-05"
"5D";2;"BBCH 69";"2024-06-05"
"5D";2;"BBCH 69";"2024-06-05"
"5D";2;"BBCH 69";"2024-06-05"
"5D";14;"BBCH 69";"2024-06-05"
"5D";13;"BBCH 69";"2024-06-05"
"5D";2;"BBCH 69";"2024-06-05"
"5D";1;"BBCH 69";"2024-06-05"
"5D";2;"BBCH 69";"2024-06-05"
"5D";1;"BBCH 69";"2024-06-05"
"5D";2;"BBCH 69";"2024-06-05"
"5D";8;"BBCH 69";"2024-06-05"
"5D";2;"BBCH 69";"2024-06-05"
"5D";3;"BBCH 69";"2024-06-05"
"5D";1;"BBCH 69";"2024-06-05"
"5D";3;"BBCH 69";"2024-06-05"
"5D";2;"BBCH 69";"2024-06-05"
"5D";1;"BBCH 69";"2024-06-05"
"5D";3;"BBCH 69";"2024-06-05"
"5D";3;"BBCH 69";"2024-06-05"
"5D";2;"BBCH 69";"2024-06-05"
"5D";4;"BBCH 69";"2024-06-05"
"5D";1;"BBCH 69";"2024-06-05"
"5D";5;"BBCH 69";"2024-06-05"
"5D";2;"BBCH 69";"2024-06-05"
"5D";4;"BBCH 69";"2024-06-05"
"5D";2;"BBCH 69";"2024-06-05"
"5D";2;"BBCH 69";"2024-06-05"
"5D";2;"BBCH 69";"2024-06-05"
"5D";2;"BBCH 69";"2024-06-05"
"5D";1;"BBCH 69";"2024-06-05"
"5D";2;"BBCH 69";"2024-06-05"
"5D";4;"BBCH 69";"2024-06-05"
"5D";4;"BBCH 69";"2024-06-05"
"5D";3;"BBCH 69";"2024-06-05"
"5D";5;"BBCH 69";"2024-06-05"
"5D";2;"BBCH 69";"2024-06-05"
"5D";1;"BBCH 69";"2024-06-05"
"5D";1;"BBCH 69";"2024-06-05"
"5D";2;"BBCH 69";"2024-06-05"
"5D";1;"BBCH 69";"2024-06-05"
"5D";4;"BBCH 69";"2024-06-05"
"5D";1;"BBCH 69";"2024-06-05"
"5D";2;"BBCH 69";"2024-06-05"
"5D";2;"BBCH 69";"2024-06-05"
"5D";1;"BBCH 69";"2024-06-05"
"6A";2;"BBCH 69";"2024-06-05"
"6A";1;"BBCH 69";"2024-06-05"
"6A";2;"BBCH 69";"2024-06-05"
"6A";5;"BBCH 69";"2024-06-05"
"6A";1;"BBCH 69";"2024-06-05"
"6A";1;"BBCH 69";"2024-06-05"
"6A";4;"BBCH 69";"2024-06-05"
"6A";1;"BBCH 69";"2024-06-05"
"6A";2;"BBCH 69";"2024-06-05"
"6A";1;"BBCH 69";"2024-06-05"
"6A";2;"BBCH 69";"2024-06-05"
"6A";1;"BBCH 69";"2024-06-05"
"6A";1;"BBCH 69";"2024-06-05"
"6A";2;"BBCH 69";"2024-06-05"
"6A";2;"BBCH 69";"2024-06-05"
"6A";1;"BBCH 69";"2024-06-05"
"6A";1;"BBCH 69";"2024-06-05"
"6A";2;"BBCH 69";"2024-06-05"
"6A";1;"BBCH 69";"2024-06-05"
"6A";1;"BBCH 69";"2024-06-05"
"6A";1;"BBCH 69";"2024-06-05"
"6A";1;"BBCH 69";"2024-06-05"
"6A";3;"BBCH 69";"2024-06-05"
"6A";2;"BBCH 69";"2024-06-05"
"6A";1;"BBCH 69";"2024-06-05"
"6A";1;"BBCH 69";"2024-06-05"
"6A";4;"BBCH 69";"2024-06-05"
"6A";2;"BBCH 69";"2024-06-05"
"6A";2;"BBCH 69";"2024-06-05"
"6A";1;"BBCH 69";"2024-06-05"
"6A";4;"BBCH 69";"2024-06-05"
"6A";2;"BBCH 69";"2024-06-05"
"6A";4;"BBCH 69";"2024-06-05"
"6A";4;"BBCH 69";"2024-06-05"
"6A";2;"BBCH 69";"2024-06-05"
"6A";2;"BBCH 69";"2024-06-05"
"6A";4;"BBCH 69";"2024-06-05"
"6A";2;"BBCH 69";"2024-06-05"
"6A";3;"BBCH 69";"2024-06-05"
"6A";3;"BBCH 69";"2024-06-05"
"6A";1;"BBCH 69";"2024-06-05"
"6A";1;"BBCH 69";"2024-06-05"
"6A";5;"BBCH 69";"2024-06-05"
"6A";2;"BBCH 69";"2024-06-05"
"6A";1;"BBCH 69";"2024-06-05"
"6A";1;"BBCH 69";"2024-06-05"
"6A";1;"BBCH 69";"2024-06-05"
"6B";1;"BBCH 69";"2024-06-05"
"6B";2;"BBCH 69";"2024-06-05"
"6B";2;"BBCH 69";"2024-06-05"
"6B";1;"BBCH 69";"2024-06-05"
"6B";6;"BBCH 69";"2024-06-05"
"6B";1;"BBCH 69";"2024-06-05"
"6B";2;"BBCH 69";"2024-06-05"
"6B";1;"BBCH 69";"2024-06-05"
"6B";2;"BBCH 69";"2024-06-05"
"6B";1;"BBCH 69";"2024-06-05"
"6B";2;"BBCH 69";"2024-06-05"
"6B";2;"BBCH 69";"2024-06-05"
"6B";4;"BBCH 69";"2024-06-05"
"6B";4;"BBCH 69";"2024-06-05"
"6B";1;"BBCH 69";"2024-06-05"
"6B";2;"BBCH 69";"2024-06-05"
"6B";4;"BBCH 69";"2024-06-05"
"6B";3;"BBCH 69";"2024-06-05"
"6B";8;"BBCH 69";"2024-06-05"
"6B";6;"BBCH 69";"2024-06-05"
"6B";8;"BBCH 69";"2024-06-05"
"6B";2;"BBCH 69";"2024-06-05"
"6B";2;"BBCH 69";"2024-06-05"
"6B";2;"BBCH 69";"2024-06-05"
"6B";3;"BBCH 69";"2024-06-05"
"6B";1;"BBCH 69";"2024-06-05"
"6B";5;"BBCH 69";"2024-06-05"
"6B";1;"BBCH 69";"2024-06-05"
"6B";1;"BBCH 69";"2024-06-05"
"6B";1;"BBCH 69";"2024-06-05"
"6B";1;"BBCH 69";"2024-06-05"
"6B";3;"BBCH 69";"2024-06-05"
"6B";3;"BBCH 69";"2024-06-05"
"6B";3;"BBCH 69";"2024-06-05"
"6B";1;"BBCH 69";"2024-06-05"
"6B";2;"BBCH 69";"2024-06-05"
"6B";3;"BBCH 69";"2024-06-05"
"6B";2;"BBCH 69";"2024-06-05"
"6B";1;"BBCH 69";"2024-06-05"
"6B";2;"BBCH 69";"2024-06-05"
"6B";1;"BBCH 69";"2024-06-05"
"6B";1;"BBCH 69";"2024-06-05"
"6B";2;"BBCH 69";"2024-06-05"
"6B";7;"BBCH 69";"2024-06-05"
"6B";3;"BBCH 69";"2024-06-05"
"6B";6;"BBCH 69";"2024-06-05"
"6B";1;"BBCH 69";"2024-06-05"
"6B";1;"BBCH 69";"2024-06-05"
"6B";5;"BBCH 69";"2024-06-05"
"6B";3;"BBCH 69";"2024-06-05"
"6B";2;"BBCH 69";"2024-06-05"
"6B";2;"BBCH 69";"2024-06-05"
"6B";3;"BBCH 69";"2024-06-05"
"6B";4;"BBCH 69";"2024-06-05"
"6C";2;"BBCH 69";"2024-06-05"
"6C";5;"BBCH 69";"2024-06-05"
"6C";2;"BBCH 69";"2024-06-05"
"6C";7;"BBCH 69";"2024-06-05"
"6C";4;"BBCH 69";"2024-06-05"
"6C";1;"BBCH 69";"2024-06-05"
"6C";2;"BBCH 69";"2024-06-05"
"6C";3;"BBCH 69";"2024-06-05"
"6C";2;"BBCH 69";"2024-06-05"
"6C";1;"BBCH 69";"2024-06-05"
"6C";4;"BBCH 69";"2024-06-05"
"6C";2;"BBCH 69";"2024-06-05"
"6C";2;"BBCH 69";"2024-06-05"
"6C";3;"BBCH 69";"2024-06-05"
"6C";3;"BBCH 69";"2024-06-05"
"6C";8;"BBCH 69";"2024-06-05"
"6C";4;"BBCH 69";"2024-06-05"
"6C";2;"BBCH 69";"2024-06-05"
"6C";3;"BBCH 69";"2024-06-05"
"6C";2;"BBCH 69";"2024-06-05"
"6C";3;"BBCH 69";"2024-06-05"
"6C";3;"BBCH 69";"2024-06-05"
"6C";2;"BBCH 69";"2024-06-05"
"6C";2;"BBCH 69";"2024-06-05"
"6C";5;"BBCH 69";"2024-06-05"
"6C";2;"BBCH 69";"2024-06-05"
"6C";2;"BBCH 69";"2024-06-05"
"6C";3;"BBCH 69";"2024-06-05"
"6C";7;"BBCH 69";"2024-06-05"
"6C";3;"BBCH 69";"2024-06-05"
"6C";2;"BBCH 69";"2024-06-05"
"6C";5;"BBCH 69";"2024-06-05"
"6C";2;"BBCH 69";"2024-06-05"
"6C";2;"BBCH 69";"2024-06-05"
"6C";2;"BBCH 69";"2024-06-05"
"6C";2;"BBCH 69";"2024-06-05"
"6C";4;"BBCH 69";"2024-06-05"
"6C";1;"BBCH 69";"2024-06-05"
"6C";4;"BBCH 69";"2024-06-05"
"6C";4;"BBCH 69";"2024-06-05"
"6C";2;"BBCH 69";"2024-06-05"
"6C";3;"BBCH 69";"2024-06-05"
"6C";1;"BBCH 69";"2024-06-05"
"6C";4;"BBCH 69";"2024-06-05"
"6C";4;"BBCH 69";"2024-06-05"
"6C";2;"BBCH 69";"2024-06-05"
"6C";3;"BBCH 69";"2024-06-05"
"6C";1;"BBCH 69";"2024-06-05"
"6C";1;"BBCH 69";"2024-06-05"
"6C";4;"BBCH 69";"2024-06-05"
"6C";2;"BBCH 69";"2024-06-05"
"6C";3;"BBCH 69";"2024-06-05"
"6C";1;"BBCH 69";"2024-06-05"
"6C";2;"BBCH 69";"2024-06-05"
"6C";3;"BBCH 69";"2024-06-05"
"6C";2;"BBCH 69";"2024-06-05"
"6C";2;"BBCH 69";"2024-06-05"
"6C";6;"BBCH 69";"2024-06-05"
"6C";3;"BBCH 69";"2024-06-05"
"6C";4;"BBCH 69";"2024-06-05"
"6C";3;"BBCH 69";"2024-06-05"
"6C";4;"BBCH 69";"2024-06-05"
"6C";1;"BBCH 69";"2024-06-05"
"6C";2;"BBCH 69";"2024-06-05"
"6C";1;"BBCH 69";"2024-06-05"
"6C";2;"BBCH 69";"2024-06-05"
"6C";3;"BBCH 69";"2024-06-05"
"6C";2;"BBCH 69";"2024-06-05"
"6D";3;"BBCH 69";"2024-06-05"
"6D";4;"BBCH 69";"2024-06-05"
"6D";1;"BBCH 69";"2024-06-05"
"6D";4;"BBCH 69";"2024-06-05"
"6D";3;"BBCH 69";"2024-06-05"
"6D";5;"BBCH 69";"2024-06-05"
"6D";8;"BBCH 69";"2024-06-05"
"6D";5;"BBCH 69";"2024-06-05"
"6D";5;"BBCH 69";"2024-06-05"
"6D";2;"BBCH 69";"2024-06-05"
"6D";3;"BBCH 69";"2024-06-05"
"6D";1;"BBCH 69";"2024-06-05"
"6D";1;"BBCH 69";"2024-06-05"
"6D";3;"BBCH 69";"2024-06-05"
"6D";1;"BBCH 69";"2024-06-05"
"6D";4;"BBCH 69";"2024-06-05"
"6D";1;"BBCH 69";"2024-06-05"
"6D";2;"BBCH 69";"2024-06-05"
"6D";1;"BBCH 69";"2024-06-05"
"6D";2;"BBCH 69";"2024-06-05"
"6D";8;"BBCH 69";"2024-06-05"
"6D";3;"BBCH 69";"2024-06-05"
"6D";4;"BBCH 69";"2024-06-05"
"6D";1;"BBCH 69";"2024-06-05"
"6D";2;"BBCH 69";"2024-06-05"
"6D";3;"BBCH 69";"2024-06-05"
"6D";2;"BBCH 69";"2024-06-05"
"6D";1;"BBCH 69";"2024-06-05"
"6D";1;"BBCH 69";"2024-06-05"
"6D";4;"BBCH 69";"2024-06-05"
"6D";1;"BBCH 69";"2024-06-05"
"6D";1;"BBCH 69";"2024-06-05"
"6D";2;"BBCH 69";"2024-06-05"
"6D";6;"BBCH 69";"2024-06-05"
"6D";2;"BBCH 69";"2024-06-05"
"6D";5;"BBCH 69";"2024-06-05"
"6D";1;"BBCH 69";"2024-06-05"
"6D";5;"BBCH 69";"2024-06-05"
"6D";8;"BBCH 69";"2024-06-05"
"6D";4;"BBCH 69";"2024-06-05"
"6D";1;"BBCH 69";"2024-06-05"
"6D";1;"BBCH 69";"2024-06-05"
"6D";6;"BBCH 69";"2024-06-05"
"6D";12;"BBCH 69";"2024-06-05"
"6D";7;"BBCH 69";"2024-06-05"
"6D";8;"BBCH 69";"2024-06-05"
"6D";5;"BBCH 69";"2024-06-05"
"6D";2;"BBCH 69";"2024-06-05"
"6D";8;"BBCH 69";"2024-06-05"
"6D";4;"BBCH 69";"2024-06-05"
"6D";2;"BBCH 69";"2024-06-05"
"6D";4;"BBCH 69";"2024-06-05"
"6D";7;"BBCH 69";"2024-06-05"
"6D";6;"BBCH 69";"2024-06-05"
"6D";4;"BBCH 69";"2024-06-05"
"6D";9;"BBCH 69";"2024-06-05"
"6D";3;"BBCH 69";"2024-06-05"
"6D";3;"BBCH 69";"2024-06-05"
"6D";7;"BBCH 69";"2024-06-05"
"6D";3;"BBCH 69";"2024-06-05"
"6D";1;"BBCH 69";"2024-06-05"
"6D";2;"BBCH 69";"2024-06-05"
"6D";3;"BBCH 69";"2024-06-05"
"6D";2;"BBCH 69";"2024-06-05"
"6D";15;"BBCH 69";"2024-06-05"
"6D";2;"BBCH 69";"2024-06-05"
"6D";5;"BBCH 69";"2024-06-05"
"6D";8;"BBCH 69";"2024-06-05"
"6D";7;"BBCH 69";"2024-06-05"
"6D";10;"BBCH 69";"2024-06-05"
"6D";8;"BBCH 69";"2024-06-05"
"6D";2;"BBCH 69";"2024-06-05"
"6D";1;"BBCH 69";"2024-06-05"
"6D";8;"BBCH 69";"2024-06-05"
"6D";2;"BBCH 69";"2024-06-05"
"6D";2;"BBCH 69";"2024-06-05"
"6D";2;"BBCH 69";"2024-06-05"
"6D";10;"BBCH 69";"2024-06-05"
"6D";8;"BBCH 69";"2024-06-05"
"6D";8;"BBCH 69";"2024-06-05"
"6D";8;"BBCH 69";"2024-06-05"
"6D";4;"BBCH 69";"2024-06-05"
"6D";4;"BBCH 69";"2024-06-05"
"6D";3;"BBCH 69";"2024-06-05"
"6D";2;"BBCH 69";"2024-06-05"
"6D";3;"BBCH 69";"2024-06-05"
"6D";2;"BBCH 69";"2024-06-05"
"6D";8;"BBCH 69";"2024-06-05"
"6D";6;"BBCH 69";"2024-06-05"
"6D";5;"BBCH 69";"2024-06-05"
"6D";3;"BBCH 69";"2024-06-05"
"6D";1;"BBCH 69";"2024-06-05"
"6D";2;"BBCH 69";"2024-06-05"
"6D";2;"BBCH 69";"2024-06-05"
"6D";2;"BBCH 69";"2024-06-05"
"6D";7;"BBCH 69";"2024-06-05"
"6D";6;"BBCH 69";"2024-06-05"
"6D";4;"BBCH 69";"2024-06-05"
"6D";2;"BBCH 69";"2024-06-05"
"6D";5;"BBCH 69";"2024-06-05"
"7A";2;"BBCH 69";"2024-06-05"
"7A";3;"BBCH 69";"2024-06-05"
"7A";1;"BBCH 69";"2024-06-05"
"7A";1;"BBCH 69";"2024-06-05"
"7A";1;"BBCH 69";"2024-06-05"
"7A";1;"BBCH 69";"2024-06-05"
"7A";2;"BBCH 69";"2024-06-05"
"7A";1;"BBCH 69";"2024-06-05"
"7A";2;"BBCH 69";"2024-06-05"
"7A";10;"BBCH 69";"2024-06-05"
"7A";2;"BBCH 69";"2024-06-05"
"7A";3;"BBCH 69";"2024-06-05"
"7A";6;"BBCH 69";"2024-06-05"
"7A";4;"BBCH 69";"2024-06-05"
"7A";2;"BBCH 69";"2024-06-05"
"7A";5;"BBCH 69";"2024-06-05"
"7A";2;"BBCH 69";"2024-06-05"
"7A";2;"BBCH 69";"2024-06-05"
"7A";3;"BBCH 69";"2024-06-05"
"7A";4;"BBCH 69";"2024-06-05"
"7A";1;"BBCH 69";"2024-06-05"
"7A";6;"BBCH 69";"2024-06-05"
"7A";5;"BBCH 69";"2024-06-05"
"7A";2;"BBCH 69";"2024-06-05"
"7A";3;"BBCH 69";"2024-06-05"
"7A";1;"BBCH 69";"2024-06-05"
"7A";2;"BBCH 69";"2024-06-05"
"7A";5;"BBCH 69";"2024-06-05"
"7A";5;"BBCH 69";"2024-06-05"
"7A";4;"BBCH 69";"2024-06-05"
"7A";3;"BBCH 69";"2024-06-05"
"7A";4;"BBCH 69";"2024-06-05"
"7A";4;"BBCH 69";"2024-06-05"
"7A";1;"BBCH 69";"2024-06-05"
"7A";3;"BBCH 69";"2024-06-05"
"7A";2;"BBCH 69";"2024-06-05"
"7A";1;"BBCH 69";"2024-06-05"
"7A";2;"BBCH 69";"2024-06-05"
"7A";7;"BBCH 69";"2024-06-05"
"7A";1;"BBCH 69";"2024-06-05"
"7A";3;"BBCH 69";"2024-06-05"
"7A";3;"BBCH 69";"2024-06-05"
"7A";2;"BBCH 69";"2024-06-05"
"7A";1;"BBCH 69";"2024-06-05"
"7A";3;"BBCH 69";"2024-06-05"
"7A";2;"BBCH 69";"2024-06-05"
"7A";4;"BBCH 69";"2024-06-05"
"7A";2;"BBCH 69";"2024-06-05"
"7A";3;"BBCH 69";"2024-06-05"
"7A";1;"BBCH 69";"2024-06-05"
"7A";6;"BBCH 69";"2024-06-05"
"7A";2;"BBCH 69";"2024-06-05"
"7A";1;"BBCH 69";"2024-06-05"
"7A";3;"BBCH 69";"2024-06-05"
"7A";1;"BBCH 69";"2024-06-05"
"7A";3;"BBCH 69";"2024-06-05"
"7A";2;"BBCH 69";"2024-06-05"
"7A";2;"BBCH 69";"2024-06-05"
"7A";1;"BBCH 69";"2024-06-05"
"7A";1;"BBCH 69";"2024-06-05"
"7A";4;"BBCH 69";"2024-06-05"
"7A";2;"BBCH 69";"2024-06-05"
"7A";5;"BBCH 69";"2024-06-05"
"7A";3;"BBCH 69";"2024-06-05"
"7A";13;"BBCH 69";"2024-06-05"
"7A";2;"BBCH 69";"2024-06-05"
"7A";4;"BBCH 69";"2024-06-05"
"7A";6;"BBCH 69";"2024-06-05"
"7A";1;"BBCH 69";"2024-06-05"
"7A";2;"BBCH 69";"2024-06-05"
"7A";5;"BBCH 69";"2024-06-05"
"7A";3;"BBCH 69";"2024-06-05"
"7A";1;"BBCH 69";"2024-06-05"
"7A";2;"BBCH 69";"2024-06-05"
"7A";1;"BBCH 69";"2024-06-05"
"7A";5;"BBCH 69";"2024-06-05"
"7A";2;"BBCH 69";"2024-06-05"
"7A";5;"BBCH 69";"2024-06-05"
"7A";2;"BBCH 69";"2024-06-05"
"7A";1;"BBCH 69";"2024-06-05"
"7A";12;"BBCH 69";"2024-06-05"
"7A";9;"BBCH 69";"2024-06-05"
"7A";5;"BBCH 69";"2024-06-05"
"7A";1;"BBCH 69";"2024-06-05"
"7A";2;"BBCH 69";"2024-06-05"
"7A";3;"BBCH 69";"2024-06-05"
"7A";7;"BBCH 69";"2024-06-05"
"7A";1;"BBCH 69";"2024-06-05"
"7A";4;"BBCH 69";"2024-06-05"
"7A";1;"BBCH 69";"2024-06-05"
"7A";1;"BBCH 69";"2024-06-05"
"7A";8;"BBCH 69";"2024-06-05"
"7A";1;"BBCH 69";"2024-06-05"
"7A";5;"BBCH 69";"2024-06-05"
"7A";2;"BBCH 69";"2024-06-05"
"7A";2;"BBCH 69";"2024-06-05"
"7A";8;"BBCH 69";"2024-06-05"
"7A";15;"BBCH 69";"2024-06-05"
"7A";6;"BBCH 69";"2024-06-05"
"7A";2;"BBCH 69";"2024-06-05"
"7B";1;"BBCH 69";"2024-06-05"
"7B";2;"BBCH 69";"2024-06-05"
"7B";2;"BBCH 69";"2024-06-05"
"7B";6;"BBCH 69";"2024-06-05"
"7B";7;"BBCH 69";"2024-06-05"
"7B";2;"BBCH 69";"2024-06-05"
"7B";1;"BBCH 69";"2024-06-05"
"7B";3;"BBCH 69";"2024-06-05"
"7B";1;"BBCH 69";"2024-06-05"
"7B";2;"BBCH 69";"2024-06-05"
"7B";1;"BBCH 69";"2024-06-05"
"7B";6;"BBCH 69";"2024-06-05"
"7B";2;"BBCH 69";"2024-06-05"
"7B";4;"BBCH 69";"2024-06-05"
"7B";3;"BBCH 69";"2024-06-05"
"7B";2;"BBCH 69";"2024-06-05"
"7B";1;"BBCH 69";"2024-06-05"
"7B";2;"BBCH 69";"2024-06-05"
"7B";3;"BBCH 69";"2024-06-05"
"7B";3;"BBCH 69";"2024-06-05"
"7B";4;"BBCH 69";"2024-06-05"
"7B";2;"BBCH 69";"2024-06-05"
"7B";6;"BBCH 69";"2024-06-05"
"7B";7;"BBCH 69";"2024-06-05"
"7B";4;"BBCH 69";"2024-06-05"
"7B";1;"BBCH 69";"2024-06-05"
"7B";1;"BBCH 69";"2024-06-05"
"7B";8;"BBCH 69";"2024-06-05"
"7B";2;"BBCH 69";"2024-06-05"
"7B";2;"BBCH 69";"2024-06-05"
"7B";1;"BBCH 69";"2024-06-05"
"7B";3;"BBCH 69";"2024-06-05"
"7B";2;"BBCH 69";"2024-06-05"
"7B";1;"BBCH 69";"2024-06-05"
"7B";4;"BBCH 69";"2024-06-05"
"7B";2;"BBCH 69";"2024-06-05"
"7B";3;"BBCH 69";"2024-06-05"
"7B";4;"BBCH 69";"2024-06-05"
"7B";5;"BBCH 69";"2024-06-05"
"7B";3;"BBCH 69";"2024-06-05"
"7B";2;"BBCH 69";"2024-06-05"
"7B";3;"BBCH 69";"2024-06-05"
"7B";2;"BBCH 69";"2024-06-05"
"7B";1;"BBCH 69";"2024-06-05"
"7B";5;"BBCH 69";"2024-06-05"
"7B";4;"BBCH 69";"2024-06-05"
"7B";5;"BBCH 69";"2024-06-05"
"7B";1;"BBCH 69";"2024-06-05"
"7B";7;"BBCH 69";"2024-06-05"
"7B";4;"BBCH 69";"2024-06-05"
"7B";3;"BBCH 69";"2024-06-05"
"7B";1;"BBCH 69";"2024-06-05"
"7B";2;"BBCH 69";"2024-06-05"
"7B";1;"BBCH 69";"2024-06-05"
"7B";4;"BBCH 69";"2024-06-05"
"7B";8;"BBCH 69";"2024-06-05"
"7B";8;"BBCH 69";"2024-06-05"
"7B";1;"BBCH 69";"2024-06-05"
"7B";3;"BBCH 69";"2024-06-05"
"7B";3;"BBCH 69";"2024-06-05"
"7B";10;"BBCH 69";"2024-06-05"
"7B";2;"BBCH 69";"2024-06-05"
"7B";12;"BBCH 69";"2024-06-05"
"7B";12;"BBCH 69";"2024-06-05"
"7B";14;"BBCH 69";"2024-06-05"
"7B";10;"BBCH 69";"2024-06-05"
"7B";5;"BBCH 69";"2024-06-05"
"7B";12;"BBCH 69";"2024-06-05"
"7B";1;"BBCH 69";"2024-06-05"
"7B";10;"BBCH 69";"2024-06-05"
"7B";12;"BBCH 69";"2024-06-05"
"7B";4;"BBCH 69";"2024-06-05"
"7B";5;"BBCH 69";"2024-06-05"
"7B";6;"BBCH 69";"2024-06-05"
"7B";5;"BBCH 69";"2024-06-05"
"7B";3;"BBCH 69";"2024-06-05"
"7B";12;"BBCH 69";"2024-06-05"
"7B";12;"BBCH 69";"2024-06-05"
"7B";8;"BBCH 69";"2024-06-05"
"7B";12;"BBCH 69";"2024-06-05"
"7B";1;"BBCH 69";"2024-06-05"
"7B";8;"BBCH 69";"2024-06-05"
"7B";10;"BBCH 69";"2024-06-05"
"7B";9;"BBCH 69";"2024-06-05"
"7B";14;"BBCH 69";"2024-06-05"
"7B";9;"BBCH 69";"2024-06-05"
"7B";2;"BBCH 69";"2024-06-05"
"7B";10;"BBCH 69";"2024-06-05"
"7B";10;"BBCH 69";"2024-06-05"
"7B";9;"BBCH 69";"2024-06-05"
"7B";15;"BBCH 69";"2024-06-05"
"7B";4;"BBCH 69";"2024-06-05"
"7B";5;"BBCH 69";"2024-06-05"
"7B";3;"BBCH 69";"2024-06-05"
"7B";12;"BBCH 69";"2024-06-05"
"7B";5;"BBCH 69";"2024-06-05"
"7B";15;"BBCH 69";"2024-06-05"
"7B";15;"BBCH 69";"2024-06-05"
"7B";15;"BBCH 69";"2024-06-05"
"7B";20;"BBCH 69";"2024-06-05"
"7C";2;"BBCH 69";"2024-06-05"
"7C";1;"BBCH 69";"2024-06-05"
"7C";3;"BBCH 69";"2024-06-05"
"7C";6;"BBCH 69";"2024-06-05"
"7C";2;"BBCH 69";"2024-06-05"
"7C";4;"BBCH 69";"2024-06-05"
"7C";3;"BBCH 69";"2024-06-05"
"7C";2;"BBCH 69";"2024-06-05"
"7C";2;"BBCH 69";"2024-06-05"
"7C";1;"BBCH 69";"2024-06-05"
"7C";3;"BBCH 69";"2024-06-05"
"7C";4;"BBCH 69";"2024-06-05"
"7C";2;"BBCH 69";"2024-06-05"
"7C";3;"BBCH 69";"2024-06-05"
"7C";4;"BBCH 69";"2024-06-05"
"7C";1;"BBCH 69";"2024-06-05"
"7C";2;"BBCH 69";"2024-06-05"
"7C";1;"BBCH 69";"2024-06-05"
"7C";2;"BBCH 69";"2024-06-05"
"7C";1;"BBCH 69";"2024-06-05"
"7C";3;"BBCH 69";"2024-06-05"
"7C";3;"BBCH 69";"2024-06-05"
"7C";2;"BBCH 69";"2024-06-05"
"7C";1;"BBCH 69";"2024-06-05"
"7C";1;"BBCH 69";"2024-06-05"
"7C";5;"BBCH 69";"2024-06-05"
"7C";4;"BBCH 69";"2024-06-05"
"7C";2;"BBCH 69";"2024-06-05"
"7C";3;"BBCH 69";"2024-06-05"
"7C";3;"BBCH 69";"2024-06-05"
"7C";2;"BBCH 69";"2024-06-05"
"7C";1;"BBCH 69";"2024-06-05"
"7C";1;"BBCH 69";"2024-06-05"
"7C";4;"BBCH 69";"2024-06-05"
"7C";2;"BBCH 69";"2024-06-05"
"7C";2;"BBCH 69";"2024-06-05"
"7C";2;"BBCH 69";"2024-06-05"
"7C";4;"BBCH 69";"2024-06-05"
"7C";3;"BBCH 69";"2024-06-05"
"7C";2;"BBCH 69";"2024-06-05"
"7C";2;"BBCH 69";"2024-06-05"
"7C";1;"BBCH 69";"2024-06-05"
"7C";4;"BBCH 69";"2024-06-05"
"7C";4;"BBCH 69";"2024-06-05"
"7C";2;"BBCH 69";"2024-06-05"
"7C";1;"BBCH 69";"2024-06-05"
"7C";4;"BBCH 69";"2024-06-05"
"7C";1;"BBCH 69";"2024-06-05"
"7C";2;"BBCH 69";"2024-06-05"
"7C";1;"BBCH 69";"2024-06-05"
"7C";2;"BBCH 69";"2024-06-05"
"7C";1;"BBCH 69";"2024-06-05"
"7C";1;"BBCH 69";"2024-06-05"
"7C";1;"BBCH 69";"2024-06-05"
"7C";1;"BBCH 69";"2024-06-05"
"7C";2;"BBCH 69";"2024-06-05"
"7C";2;"BBCH 69";"2024-06-05"
"7C";1;"BBCH 69";"2024-06-05"
"7C";2;"BBCH 69";"2024-06-05"
"7C";3;"BBCH 69";"2024-06-05"
"7C";2;"BBCH 69";"2024-06-05"
"7C";3;"BBCH 69";"2024-06-05"
"7C";5;"BBCH 69";"2024-06-05"
"7D";1;"BBCH 69";"2024-06-05"
"7D";4;"BBCH 69";"2024-06-05"
"7D";2;"BBCH 69";"2024-06-05"
"7D";1;"BBCH 69";"2024-06-05"
"7D";2;"BBCH 69";"2024-06-05"
"7D";3;"BBCH 69";"2024-06-05"
"7D";1;"BBCH 69";"2024-06-05"
"7D";1;"BBCH 69";"2024-06-05"
"7D";2;"BBCH 69";"2024-06-05"
"7D";1;"BBCH 69";"2024-06-05"
"7D";2;"BBCH 69";"2024-06-05"
"7D";2;"BBCH 69";"2024-06-05"
"7D";2;"BBCH 69";"2024-06-05"
"7D";1;"BBCH 69";"2024-06-05"
"7D";3;"BBCH 69";"2024-06-05"
"7D";2;"BBCH 69";"2024-06-05"
"7D";1;"BBCH 69";"2024-06-05"
"7D";1;"BBCH 69";"2024-06-05"
"7D";1;"BBCH 69";"2024-06-05"
"7D";4;"BBCH 69";"2024-06-05"
"7D";3;"BBCH 69";"2024-06-05"
"7D";3;"BBCH 69";"2024-06-05"
"7D";2;"BBCH 69";"2024-06-05"
"7D";2;"BBCH 69";"2024-06-05"
"7D";1;"BBCH 69";"2024-06-05"
"7D";4;"BBCH 69";"2024-06-05"
"7D";1;"BBCH 69";"2024-06-05"
"7D";2;"BBCH 69";"2024-06-05"
"7D";2;"BBCH 69";"2024-06-05"
"7D";3;"BBCH 69";"2024-06-05"
"7D";5;"BBCH 69";"2024-06-05"
"7D";4;"BBCH 69";"2024-06-05"
"7D";1;"BBCH 69";"2024-06-05"
"7D";4;"BBCH 69";"2024-06-05"
"7D";2;"BBCH 69";"2024-06-05"
"7D";1;"BBCH 69";"2024-06-05"
"7D";1;"BBCH 69";"2024-06-05"
"7D";1;"BBCH 69";"2024-06-05"
"7D";1;"BBCH 69";"2024-06-05"
"7D";2;"BBCH 69";"2024-06-05"
"7D";2;"BBCH 69";"2024-06-05"
"7D";3;"BBCH 69";"2024-06-05"
"7D";3;"BBCH 69";"2024-06-05"
"7D";1;"BBCH 69";"2024-06-05"
"7D";2;"BBCH 69";"2024-06-05"
"7D";2;"BBCH 69";"2024-06-05"
"7D";2;"BBCH 69";"2024-06-05"
"7D";1;"BBCH 69";"2024-06-05"
"7D";1;"BBCH 69";"2024-06-05"
"7D";1;"BBCH 69";"2024-06-05"
"7D";1;"BBCH 69";"2024-06-05"
"7D";3;"BBCH 69";"2024-06-05"
"7D";2;"BBCH 69";"2024-06-05"
"7D";1;"BBCH 69";"2024-06-05"
"7D";2;"BBCH 69";"2024-06-05"
"7D";5;"BBCH 69";"2024-06-05"
"7D";1;"BBCH 69";"2024-06-05"
"8A";3;"BBCH 69";"2024-06-05"
"8A";2;"BBCH 69";"2024-06-05"
"8A";1;"BBCH 69";"2024-06-05"
"8A";1;"BBCH 69";"2024-06-05"
"8A";4;"BBCH 69";"2024-06-05"
"8A";1;"BBCH 69";"2024-06-05"
"8A";1;"BBCH 69";"2024-06-05"
"8A";2;"BBCH 69";"2024-06-05"
"8A";4;"BBCH 69";"2024-06-05"
"8A";4;"BBCH 69";"2024-06-05"
"8A";2;"BBCH 69";"2024-06-05"
"8A";1;"BBCH 69";"2024-06-05"
"8A";1;"BBCH 69";"2024-06-05"
"8A";3;"BBCH 69";"2024-06-05"
"8A";1;"BBCH 69";"2024-06-05"
"8A";1;"BBCH 69";"2024-06-05"
"8A";1;"BBCH 69";"2024-06-05"
"8A";1;"BBCH 69";"2024-06-05"
"8A";2;"BBCH 69";"2024-06-05"
"8A";2;"BBCH 69";"2024-06-05"
"8A";1;"BBCH 69";"2024-06-05"
"8A";1;"BBCH 69";"2024-06-05"
"8A";2;"BBCH 69";"2024-06-05"
"8A";1;"BBCH 69";"2024-06-05"
"8A";1;"BBCH 69";"2024-06-05"
"8B";1;"BBCH 69";"2024-06-05"
"8B";2;"BBCH 69";"2024-06-05"
"8B";4;"BBCH 69";"2024-06-05"
"8B";2;"BBCH 69";"2024-06-05"
"8B";4;"BBCH 69";"2024-06-05"
"8B";4;"BBCH 69";"2024-06-05"
"8B";4;"BBCH 69";"2024-06-05"
"8B";1;"BBCH 69";"2024-06-05"
"8B";3;"BBCH 69";"2024-06-05"
"8B";1;"BBCH 69";"2024-06-05"
"8B";3;"BBCH 69";"2024-06-05"
"8B";1;"BBCH 69";"2024-06-05"
"8B";1;"BBCH 69";"2024-06-05"
"8B";2;"BBCH 69";"2024-06-05"
"8B";1;"BBCH 69";"2024-06-05"
"8B";1;"BBCH 69";"2024-06-05"
"8B";1;"BBCH 69";"2024-06-05"
"8B";3;"BBCH 69";"2024-06-05"
"8B";1;"BBCH 69";"2024-06-05"
"8B";1;"BBCH 69";"2024-06-05"
"8B";1;"BBCH 69";"2024-06-05"
"8B";1;"BBCH 69";"2024-06-05"
"8B";1;"BBCH 69";"2024-06-05"
"8B";2;"BBCH 69";"2024-06-05"
"8B";1;"BBCH 69";"2024-06-05"
"8B";1;"BBCH 69";"2024-06-05"
"8B";2;"BBCH 69";"2024-06-05"
"8B";1;"BBCH 69";"2024-06-05"
"8B";2;"BBCH 69";"2024-06-05"
"8B";1;"BBCH 69";"2024-06-05"
"8B";3;"BBCH 69";"2024-06-05"
"8B";8;"BBCH 69";"2024-06-05"
"8B";5;"BBCH 69";"2024-06-05"
"8B";3;"BBCH 69";"2024-06-05"
"8B";1;"BBCH 69";"2024-06-05"
"8B";2;"BBCH 69";"2024-06-05"
"8C";1;"BBCH 69";"2024-06-05"
"8C";1;"BBCH 69";"2024-06-05"
"8C";2;"BBCH 69";"2024-06-05"
"8C";1;"BBCH 69";"2024-06-05"
"8C";2;"BBCH 69";"2024-06-05"
"8C";1;"BBCH 69";"2024-06-05"
"8C";2;"BBCH 69";"2024-06-05"
"8C";1;"BBCH 69";"2024-06-05"
"8C";1;"BBCH 69";"2024-06-05"
"8C";1;"BBCH 69";"2024-06-05"
"8C";1;"BBCH 69";"2024-06-05"
"8C";3;"BBCH 69";"2024-06-05"
"8C";3;"BBCH 69";"2024-06-05"
"8C";1;"BBCH 69";"2024-06-05"
"8C";2;"BBCH 69";"2024-06-05"
"8C";1;"BBCH 69";"2024-06-05"
"8C";4;"BBCH 69";"2024-06-05"
"8C";1;"BBCH 69";"2024-06-05"
"8C";3;"BBCH 69";"2024-06-05"
"8C";4;"BBCH 69";"2024-06-05"
"8C";1;"BBCH 69";"2024-06-05"
"8C";2;"BBCH 69";"2024-06-05"
"8C";3;"BBCH 69";"2024-06-05"
"8C";4;"BBCH 69";"2024-06-05"
"8C";3;"BBCH 69";"2024-06-05"
"8C";1;"BBCH 69";"2024-06-05"
"8C";1;"BBCH 69";"2024-06-05"
"8C";1;"BBCH 69";"2024-06-05"
"8D";2;"BBCH 69";"2024-06-05"
"8D";2;"BBCH 69";"2024-06-05"
"8D";1;"BBCH 69";"2024-06-05"
"8D";2;"BBCH 69";"2024-06-05"
"8D";2;"BBCH 69";"2024-06-05"
"8D";4;"BBCH 69";"2024-06-05"
"8D";1;"BBCH 69";"2024-06-05"
"8D";2;"BBCH 69";"2024-06-05"
"8D";2;"BBCH 69";"2024-06-05"
"8D";1;"BBCH 69";"2024-06-05"
"8D";1;"BBCH 69";"2024-06-05"
"8D";15;"BBCH 69";"2024-06-05"
"8D";2;"BBCH 69";"2024-06-05"
"8D";3;"BBCH 69";"2024-06-05"
"8D";1;"BBCH 69";"2024-06-05"
"8D";2;"BBCH 69";"2024-06-05"
"8D";1;"BBCH 69";"2024-06-05"
"8D";1;"BBCH 69";"2024-06-05"
"8D";3;"BBCH 69";"2024-06-05"
"8D";1;"BBCH 69";"2024-06-05"
"8D";2;"BBCH 69";"2024-06-05"
"8D";1;"BBCH 69";"2024-06-05"
"9A";2;"BBCH 69";"2024-06-05"
"9A";4;"BBCH 69";"2024-06-05"
"9A";1;"BBCH 69";"2024-06-05"
"9A";6;"BBCH 69";"2024-06-05"
"9A";1;"BBCH 69";"2024-06-05"
"9A";2;"BBCH 69";"2024-06-05"
"9A";1;"BBCH 69";"2024-06-05"
"9A";3;"BBCH 69";"2024-06-05"
"9A";2;"BBCH 69";"2024-06-05"
"9A";1;"BBCH 69";"2024-06-05"
"9A";4;"BBCH 69";"2024-06-05"
"9A";1;"BBCH 69";"2024-06-05"
"9A";1;"BBCH 69";"2024-06-05"
"9A";4;"BBCH 69";"2024-06-05"
"9A";3;"BBCH 69";"2024-06-05"
"9A";1;"BBCH 69";"2024-06-05"
"9A";1;"BBCH 69";"2024-06-05"
"9A";1;"BBCH 69";"2024-06-05"
"9A";2;"BBCH 69";"2024-06-05"
"9A";1;"BBCH 69";"2024-06-05"
"9A";6;"BBCH 69";"2024-06-05"
"9A";1;"BBCH 69";"2024-06-05"
"9A";2;"BBCH 69";"2024-06-05"
"9A";2;"BBCH 69";"2024-06-05"
"9A";2;"BBCH 69";"2024-06-05"
"9A";4;"BBCH 69";"2024-06-05"
"9A";4;"BBCH 69";"2024-06-05"
"9A";2;"BBCH 69";"2024-06-05"
"9A";1;"BBCH 69";"2024-06-05"
"9A";1;"BBCH 69";"2024-06-05"
"9A";5;"BBCH 69";"2024-06-05"
"9A";2;"BBCH 69";"2024-06-05"
"9A";1;"BBCH 69";"2024-06-05"
"9A";4;"BBCH 69";"2024-06-05"
"9A";1;"BBCH 69";"2024-06-05"
"9A";1;"BBCH 69";"2024-06-05"
"9A";1;"BBCH 69";"2024-06-05"
"9A";1;"BBCH 69";"2024-06-05"
"9A";1;"BBCH 69";"2024-06-05"
"9A";1;"BBCH 69";"2024-06-05"
"9A";1;"BBCH 69";"2024-06-05"
"9A";1;"BBCH 69";"2024-06-05"
"9A";1;"BBCH 69";"2024-06-05"
"9A";1;"BBCH 69";"2024-06-05"
"9A";1;"BBCH 69";"2024-06-05"
"9A";10;"BBCH 69";"2024-06-05"
"9A";3;"BBCH 69";"2024-06-05"
"9A";2;"BBCH 69";"2024-06-05"
"9A";2;"BBCH 69";"2024-06-05"
"9A";5;"BBCH 69";"2024-06-05"
"9A";1;"BBCH 69";"2024-06-05"
"9A";5;"BBCH 69";"2024-06-05"
"9A";2;"BBCH 69";"2024-06-05"
"9A";1;"BBCH 69";"2024-06-05"
"9A";2;"BBCH 69";"2024-06-05"
"9A";5;"BBCH 69";"2024-06-05"
"9A";1;"BBCH 69";"2024-06-05"
"9A";2;"BBCH 69";"2024-06-05"
"9A";1;"BBCH 69";"2024-06-05"
"9A";1;"BBCH 69";"2024-06-05"
"9A";1;"BBCH 69";"2024-06-05"
"9A";1;"BBCH 69";"2024-06-05"
"9A";1;"BBCH 69";"2024-06-05"
"9A";2;"BBCH 69";"2024-06-05"
"9B";1;"BBCH 69";"2024-06-05"
"9B";2;"BBCH 69";"2024-06-05"
"9B";1;"BBCH 69";"2024-06-05"
"9B";2;"BBCH 69";"2024-06-05"
"9B";2;"BBCH 69";"2024-06-05"
"9B";4;"BBCH 69";"2024-06-05"
"9B";2;"BBCH 69";"2024-06-05"
"9B";1;"BBCH 69";"2024-06-05"
"9B";1;"BBCH 69";"2024-06-05"
"9B";2;"BBCH 69";"2024-06-05"
"9B";1;"BBCH 69";"2024-06-05"
"9B";1;"BBCH 69";"2024-06-05"
"9B";2;"BBCH 69";"2024-06-05"
"9B";1;"BBCH 69";"2024-06-05"
"9B";3;"BBCH 69";"2024-06-05"
"9B";1;"BBCH 69";"2024-06-05"
"9B";1;"BBCH 69";"2024-06-05"
"9B";1;"BBCH 69";"2024-06-05"
"9B";4;"BBCH 69";"2024-06-05"
"9B";2;"BBCH 69";"2024-06-05"
"9B";1;"BBCH 69";"2024-06-05"
"9B";2;"BBCH 69";"2024-06-05"
"9B";1;"BBCH 69";"2024-06-05"
"9B";1;"BBCH 69";"2024-06-05"
"9B";4;"BBCH 69";"2024-06-05"
"9B";2;"BBCH 69";"2024-06-05"
"9B";1;"BBCH 69";"2024-06-05"
"9B";2;"BBCH 69";"2024-06-05"
"9B";1;"BBCH 69";"2024-06-05"
"9B";1;"BBCH 69";"2024-06-05"
"9B";1;"BBCH 69";"2024-06-05"
"9B";1;"BBCH 69";"2024-06-05"
"9B";1;"BBCH 69";"2024-06-05"
"9B";1;"BBCH 69";"2024-06-05"
"9B";2;"BBCH 69";"2024-06-05"
"9B";2;"BBCH 69";"2024-06-05"
"9B";3;"BBCH 69";"2024-06-05"
"9B";1;"BBCH 69";"2024-06-05"
"9B";1;"BBCH 69";"2024-06-05"
"9B";1;"BBCH 69";"2024-06-05"
"9B";4;"BBCH 69";"2024-06-05"
"9B";3;"BBCH 69";"2024-06-05"
"9B";1;"BBCH 69";"2024-06-05"
"9B";3;"BBCH 69";"2024-06-05"
"9B";1;"BBCH 69";"2024-06-05"
"9B";1;"BBCH 69";"2024-06-05"
"9B";2;"BBCH 69";"2024-06-05"
"9B";1;"BBCH 69";"2024-06-05"
"9C";1;"BBCH 69";"2024-06-05"
"9C";1;"BBCH 69";"2024-06-05"
"9C";3;"BBCH 69";"2024-06-05"
"9C";4;"BBCH 69";"2024-06-05"
"9C";2;"BBCH 69";"2024-06-05"
"9C";4;"BBCH 69";"2024-06-05"
"9C";4;"BBCH 69";"2024-06-05"
"9C";5;"BBCH 69";"2024-06-05"
"9C";1;"BBCH 69";"2024-06-05"
"9C";1;"BBCH 69";"2024-06-05"
"9C";1;"BBCH 69";"2024-06-05"
"9C";1;"BBCH 69";"2024-06-05"
"9C";1;"BBCH 69";"2024-06-05"
"9C";1;"BBCH 69";"2024-06-05"
"9C";1;"BBCH 69";"2024-06-05"
"9C";1;"BBCH 69";"2024-06-05"
"9C";2;"BBCH 69";"2024-06-05"
"9C";3;"BBCH 69";"2024-06-05"
"9C";1;"BBCH 69";"2024-06-05"
"9C";1;"BBCH 69";"2024-06-05"
"9C";1;"BBCH 69";"2024-06-05"
"9C";1;"BBCH 69";"2024-06-05"
"9C";2;"BBCH 69";"2024-06-05"
"9C";2;"BBCH 69";"2024-06-05"
"9C";1;"BBCH 69";"2024-06-05"
"9C";3;"BBCH 69";"2024-06-05"
"9C";1;"BBCH 69";"2024-06-05"
"9C";1;"BBCH 69";"2024-06-05"
"9C";2;"BBCH 69";"2024-06-05"
"9C";2;"BBCH 69";"2024-06-05"
"9C";3;"BBCH 69";"2024-06-05"
"9C";3;"BBCH 69";"2024-06-05"
"9C";1;"BBCH 69";"2024-06-05"
"9C";2;"BBCH 69";"2024-06-05"
"9C";2;"BBCH 69";"2024-06-05"
"9C";1;"BBCH 69";"2024-06-05"
"9C";1;"BBCH 69";"2024-06-05"
"9C";1;"BBCH 69";"2024-06-05"
"9C";4;"BBCH 69";"2024-06-05"
"9C";1;"BBCH 69";"2024-06-05"
"9C";2;"BBCH 69";"2024-06-05"
"9C";6;"BBCH 69";"2024-06-05"
"9C";2;"BBCH 69";"2024-06-05"
"9D";1;"BBCH 69";"2024-06-05"
"9D";1;"BBCH 69";"2024-06-05"
"9D";2;"BBCH 69";"2024-06-05"
"9D";5;"BBCH 69";"2024-06-05"
"9D";2;"BBCH 69";"2024-06-05"
"9D";1;"BBCH 69";"2024-06-05"
"9D";1;"BBCH 69";"2024-06-05"
"9D";1;"BBCH 69";"2024-06-05"
"9D";2;"BBCH 69";"2024-06-05"
"9D";2;"BBCH 69";"2024-06-05"
"9D";2;"BBCH 69";"2024-06-05"
"9D";3;"BBCH 69";"2024-06-05"
"9D";2;"BBCH 69";"2024-06-05"
"9D";2;"BBCH 69";"2024-06-05"
"9D";1;"BBCH 69";"2024-06-05"
"9D";3;"BBCH 69";"2024-06-05"
"9D";2;"BBCH 69";"2024-06-05"
"9D";1;"BBCH 69";"2024-06-05"
"9D";1;"BBCH 69";"2024-06-05"
"9D";1;"BBCH 69";"2024-06-05"
"9D";5;"BBCH 69";"2024-06-05"
"9D";4;"BBCH 69";"2024-06-05"
"9D";1;"BBCH 69";"2024-06-05"
"TNTA";2;"BBCH 69";"2024-06-05"
"TNTA";3;"BBCH 69";"2024-06-05"
"TNTA";5;"BBCH 69";"2024-06-05"
"TNTA";1;"BBCH 69";"2024-06-05"
"TNTA";3;"BBCH 69";"2024-06-05"
"TNTA";6;"BBCH 69";"2024-06-05"
"TNTA";1;"BBCH 69";"2024-06-05"
"TNTA";2;"BBCH 69";"2024-06-05"
"TNTA";4;"BBCH 69";"2024-06-05"
"TNTA";7;"BBCH 69";"2024-06-05"
"TNTA";3;"BBCH 69";"2024-06-05"
"TNTA";4;"BBCH 69";"2024-06-05"
"TNTA";3;"BBCH 69";"2024-06-05"
"TNTA";12;"BBCH 69";"2024-06-05"
"TNTA";5;"BBCH 69";"2024-06-05"
"TNTA";4;"BBCH 69";"2024-06-05"
"TNTA";1;"BBCH 69";"2024-06-05"
"TNTA";3;"BBCH 69";"2024-06-05"
"TNTA";2;"BBCH 69";"2024-06-05"
"TNTA";5;"BBCH 69";"2024-06-05"
"TNTA";4;"BBCH 69";"2024-06-05"
"TNTA";3;"BBCH 69";"2024-06-05"
"TNTA";1;"BBCH 69";"2024-06-05"
"TNTA";1;"BBCH 69";"2024-06-05"
"TNTA";3;"BBCH 69";"2024-06-05"
"TNTA";2;"BBCH 69";"2024-06-05"
"TNTA";2;"BBCH 69";"2024-06-05"
"TNTA";3;"BBCH 69";"2024-06-05"
"TNTA";10;"BBCH 69";"2024-06-05"
"TNTA";3;"BBCH 69";"2024-06-05"
"TNTA";2;"BBCH 69";"2024-06-05"
"TNTA";14;"BBCH 69";"2024-06-05"
"TNTA";4;"BBCH 69";"2024-06-05"
"TNTA";8;"BBCH 69";"2024-06-05"
"TNTA";5;"BBCH 69";"2024-06-05"
"TNTA";6;"BBCH 69";"2024-06-05"
"TNTA";4;"BBCH 69";"2024-06-05"
"TNTA";2;"BBCH 69";"2024-06-05"
"TNTA";1;"BBCH 69";"2024-06-05"
"TNTA";8;"BBCH 69";"2024-06-05"
"TNTA";10;"BBCH 69";"2024-06-05"
"TNTA";10;"BBCH 69";"2024-06-05"
"TNTA";8;"BBCH 69";"2024-06-05"
"TNTA";10;"BBCH 69";"2024-06-05"
"TNTA";15;"BBCH 69";"2024-06-05"
"TNTA";10;"BBCH 69";"2024-06-05"
"TNTA";3;"BBCH 69";"2024-06-05"
"TNTA";2;"BBCH 69";"2024-06-05"
"TNTA";1;"BBCH 69";"2024-06-05"
"TNTA";6;"BBCH 69";"2024-06-05"
"TNTA";6;"BBCH 69";"2024-06-05"
"TNTA";6;"BBCH 69";"2024-06-05"
"TNTA";2;"BBCH 69";"2024-06-05"
"TNTA";8;"BBCH 69";"2024-06-05"
"TNTA";1;"BBCH 69";"2024-06-05"
"TNTA";1;"BBCH 69";"2024-06-05"
"TNTA";1;"BBCH 69";"2024-06-05"
"TNTA";4;"BBCH 69";"2024-06-05"
"TNTA";1;"BBCH 69";"2024-06-05"
"TNTA";10;"BBCH 69";"2024-06-05"
"TNTA";9;"BBCH 69";"2024-06-05"
"TNTA";6;"BBCH 69";"2024-06-05"
"TNTA";4;"BBCH 69";"2024-06-05"
"TNTA";8;"BBCH 69";"2024-06-05"
"TNTA";5;"BBCH 69";"2024-06-05"
"TNTA";4;"BBCH 69";"2024-06-05"
"TNTA";2;"BBCH 69";"2024-06-05"
"TNTA";6;"BBCH 69";"2024-06-05"
"TNTA";2;"BBCH 69";"2024-06-05"
"TNTA";12;"BBCH 69";"2024-06-05"
"TNTA";10;"BBCH 69";"2024-06-05"
"TNTA";2;"BBCH 69";"2024-06-05"
"TNTA";2;"BBCH 69";"2024-06-05"
"TNTA";1;"BBCH 69";"2024-06-05"
"TNTA";4;"BBCH 69";"2024-06-05"
"TNTA";1;"BBCH 69";"2024-06-05"
"TNTA";1;"BBCH 69";"2024-06-05"
"TNTA";8;"BBCH 69";"2024-06-05"
"TNTA";6;"BBCH 69";"2024-06-05"
"TNTA";10;"BBCH 69";"2024-06-05"
"TNTA";8;"BBCH 69";"2024-06-05"
"TNTA";9;"BBCH 69";"2024-06-05"
"TNTA";1;"BBCH 69";"2024-06-05"
"TNTA";2;"BBCH 69";"2024-06-05"
"TNTA";4;"BBCH 69";"2024-06-05"
"TNTA";8;"BBCH 69";"2024-06-05"
"TNTA";6;"BBCH 69";"2024-06-05"
"TNTA";4;"BBCH 69";"2024-06-05"
"TNTA";5;"BBCH 69";"2024-06-05"
"TNTA";3;"BBCH 69";"2024-06-05"
"TNTA";4;"BBCH 69";"2024-06-05"
"TNTA";5;"BBCH 69";"2024-06-05"
"TNTA";4;"BBCH 69";"2024-06-05"
"TNTA";7;"BBCH 69";"2024-06-05"
"TNTA";5;"BBCH 69";"2024-06-05"
"TNTA";2;"BBCH 69";"2024-06-05"
"TNTA";2;"BBCH 69";"2024-06-05"
"TNTA";6;"BBCH 69";"2024-06-05"
"TNTA";1;"BBCH 69";"2024-06-05"
"TNTA";10;"BBCH 69";"2024-06-05"
"TNTB";3;"BBCH 69";"2024-06-05"
"TNTB";2;"BBCH 69";"2024-06-05"
"TNTB";2;"BBCH 69";"2024-06-05"
"TNTB";1;"BBCH 69";"2024-06-05"
"TNTB";1;"BBCH 69";"2024-06-05"
"TNTB";1;"BBCH 69";"2024-06-05"
"TNTB";2;"BBCH 69";"2024-06-05"
"TNTB";1;"BBCH 69";"2024-06-05"
"TNTB";2;"BBCH 69";"2024-06-05"
"TNTB";3;"BBCH 69";"2024-06-05"
"TNTB";1;"BBCH 69";"2024-06-05"
"TNTB";1;"BBCH 69";"2024-06-05"
"TNTB";2;"BBCH 69";"2024-06-05"
"TNTB";2;"BBCH 69";"2024-06-05"
"TNTB";1;"BBCH 69";"2024-06-05"
"TNTB";2;"BBCH 69";"2024-06-05"
"TNTB";1;"BBCH 69";"2024-06-05"
"TNTB";1;"BBCH 69";"2024-06-05"
"TNTB";2;"BBCH 69";"2024-06-05"
"TNTB";1;"BBCH 69";"2024-06-05"
"TNTB";1;"BBCH 69";"2024-06-05"
"TNTB";3;"BBCH 69";"2024-06-05"
"TNTB";4;"BBCH 69";"2024-06-05"
"TNTB";3;"BBCH 69";"2024-06-05"
"TNTB";2;"BBCH 69";"2024-06-05"
"TNTB";5;"BBCH 69";"2024-06-05"
"TNTB";9;"BBCH 69";"2024-06-05"
"TNTB";2;"BBCH 69";"2024-06-05"
"TNTB";1;"BBCH 69";"2024-06-05"
"TNTB";3;"BBCH 69";"2024-06-05"
"TNTB";3;"BBCH 69";"2024-06-05"
"TNTB";2;"BBCH 69";"2024-06-05"
"TNTB";4;"BBCH 69";"2024-06-05"
"TNTB";1;"BBCH 69";"2024-06-05"
"TNTB";6;"BBCH 69";"2024-06-05"
"TNTB";2;"BBCH 69";"2024-06-05"
"TNTB";12;"BBCH 69";"2024-06-05"
"TNTB";2;"BBCH 69";"2024-06-05"
"TNTB";2;"BBCH 69";"2024-06-05"
"TNTB";1;"BBCH 69";"2024-06-05"
"TNTB";3;"BBCH 69";"2024-06-05"
"TNTB";1;"BBCH 69";"2024-06-05"
"TNTB";2;"BBCH 69";"2024-06-05"
"TNTB";2;"BBCH 69";"2024-06-05"
"TNTB";3;"BBCH 69";"2024-06-05"
"TNTB";5;"BBCH 69";"2024-06-05"
"TNTB";1;"BBCH 69";"2024-06-05"
"TNTB";6;"BBCH 69";"2024-06-05"
"TNTB";4;"BBCH 69";"2024-06-05"
"TNTB";2;"BBCH 69";"2024-06-05"
"TNTB";3;"BBCH 69";"2024-06-05"
"TNTB";5;"BBCH 69";"2024-06-05"
"TNTB";1;"BBCH 69";"2024-06-05"
"TNTB";8;"BBCH 69";"2024-06-05"
"TNTB";1;"BBCH 69";"2024-06-05"
"TNTB";4;"BBCH 69";"2024-06-05"
"TNTB";2;"BBCH 69";"2024-06-05"
"TNTB";3;"BBCH 69";"2024-06-05"
"TNTB";2;"BBCH 69";"2024-06-05"
"TNTB";3;"BBCH 69";"2024-06-05"
"TNTB";3;"BBCH 69";"2024-06-05"
"TNTB";4;"BBCH 69";"2024-06-05"
"TNTB";2;"BBCH 69";"2024-06-05"
"TNTB";1;"BBCH 69";"2024-06-05"
"TNTB";2;"BBCH 69";"2024-06-05"
"TNTB";2;"BBCH 69";"2024-06-05"
"TNTB";4;"BBCH 69";"2024-06-05"
"TNTB";1;"BBCH 69";"2024-06-05"
"TNTB";2;"BBCH 69";"2024-06-05"
"TNTB";1;"BBCH 69";"2024-06-05"
"TNTB";2;"BBCH 69";"2024-06-05"
"TNTB";4;"BBCH 69";"2024-06-05"
"TNTB";1;"BBCH 69";"2024-06-05"
"TNTB";9;"BBCH 69";"2024-06-05"
"TNTB";3;"BBCH 69";"2024-06-05"
"TNTB";3;"BBCH 69";"2024-06-05"
"TNTB";1;"BBCH 69";"2024-06-05"
"TNTB";5;"BBCH 69";"2024-06-05"
"TNTB";4;"BBCH 69";"2024-06-05"
"TNTB";12;"BBCH 69";"2024-06-05"
"TNTB";2;"BBCH 69";"2024-06-05"
"TNTB";1;"BBCH 69";"2024-06-05"
"TNTB";2;"BBCH 69";"2024-06-05"
"TNTB";2;"BBCH 69";"2024-06-05"
"TNTB";3;"BBCH 69";"2024-06-05"
"TNTB";1;"BBCH 69";"2024-06-05"
"TNTB";3;"BBCH 69";"2024-06-05"
"TNTB";1;"BBCH 69";"2024-06-05"
"TNTB";2;"BBCH 69";"2024-06-05"
"TNTB";4;"BBCH 69";"2024-06-05"
"TNTB";12;"BBCH 69";"2024-06-05"
"TNTB";3;"BBCH 69";"2024-06-05"
"TNTB";2;"BBCH 69";"2024-06-05"
"TNTB";3;"BBCH 69";"2024-06-05"
"TNTB";3;"BBCH 69";"2024-06-05"
"TNTB";1;"BBCH 69";"2024-06-05"
"TNTB";3;"BBCH 69";"2024-06-05"
"TNTB";2;"BBCH 69";"2024-06-05"
"TNTB";1;"BBCH 69";"2024-06-05"
"TNTB";4;"BBCH 69";"2024-06-05"
"TNTC";1;"BBCH 69";"2024-06-05"
"TNTC";4;"BBCH 69";"2024-06-05"
"TNTC";2;"BBCH 69";"2024-06-05"
"TNTC";3;"BBCH 69";"2024-06-05"
"TNTC";2;"BBCH 69";"2024-06-05"
"TNTC";3;"BBCH 69";"2024-06-05"
"TNTC";2;"BBCH 69";"2024-06-05"
"TNTC";2;"BBCH 69";"2024-06-05"
"TNTC";3;"BBCH 69";"2024-06-05"
"TNTC";2;"BBCH 69";"2024-06-05"
"TNTC";4;"BBCH 69";"2024-06-05"
"TNTC";6;"BBCH 69";"2024-06-05"
"TNTC";4;"BBCH 69";"2024-06-05"
"TNTC";7;"BBCH 69";"2024-06-05"
"TNTC";4;"BBCH 69";"2024-06-05"
"TNTC";1;"BBCH 69";"2024-06-05"
"TNTC";8;"BBCH 69";"2024-06-05"
"TNTC";4;"BBCH 69";"2024-06-05"
"TNTC";4;"BBCH 69";"2024-06-05"
"TNTC";12;"BBCH 69";"2024-06-05"
"TNTC";6;"BBCH 69";"2024-06-05"
"TNTC";4;"BBCH 69";"2024-06-05"
"TNTC";3;"BBCH 69";"2024-06-05"
"TNTC";2;"BBCH 69";"2024-06-05"
"TNTC";1;"BBCH 69";"2024-06-05"
"TNTC";8;"BBCH 69";"2024-06-05"
"TNTC";4;"BBCH 69";"2024-06-05"
"TNTC";9;"BBCH 69";"2024-06-05"
"TNTC";4;"BBCH 69";"2024-06-05"
"TNTC";3;"BBCH 69";"2024-06-05"
"TNTC";2;"BBCH 69";"2024-06-05"
"TNTC";2;"BBCH 69";"2024-06-05"
"TNTC";9;"BBCH 69";"2024-06-05"
"TNTC";7;"BBCH 69";"2024-06-05"
"TNTC";7;"BBCH 69";"2024-06-05"
"TNTC";8;"BBCH 69";"2024-06-05"
"TNTC";3;"BBCH 69";"2024-06-05"
"TNTC";7;"BBCH 69";"2024-06-05"
"TNTC";3;"BBCH 69";"2024-06-05"
"TNTC";1;"BBCH 69";"2024-06-05"
"TNTC";2;"BBCH 69";"2024-06-05"
"TNTC";12;"BBCH 69";"2024-06-05"
"TNTC";4;"BBCH 69";"2024-06-05"
"TNTC";3;"BBCH 69";"2024-06-05"
"TNTC";2;"BBCH 69";"2024-06-05"
"TNTC";2;"BBCH 69";"2024-06-05"
"TNTC";7;"BBCH 69";"2024-06-05"
"TNTC";2;"BBCH 69";"2024-06-05"
"TNTC";2;"BBCH 69";"2024-06-05"
"TNTC";5;"BBCH 69";"2024-06-05"
"TNTC";3;"BBCH 69";"2024-06-05"
"TNTC";3;"BBCH 69";"2024-06-05"
"TNTC";1;"BBCH 69";"2024-06-05"
"TNTC";2;"BBCH 69";"2024-06-05"
"TNTC";5;"BBCH 69";"2024-06-05"
"TNTC";3;"BBCH 69";"2024-06-05"
"TNTC";2;"BBCH 69";"2024-06-05"
"TNTC";10;"BBCH 69";"2024-06-05"
"TNTC";12;"BBCH 69";"2024-06-05"
"TNTC";2;"BBCH 69";"2024-06-05"
"TNTC";3;"BBCH 69";"2024-06-05"
"TNTC";2;"BBCH 69";"2024-06-05"
"TNTC";1;"BBCH 69";"2024-06-05"
"TNTC";2;"BBCH 69";"2024-06-05"
"TNTC";3;"BBCH 69";"2024-06-05"
"TNTC";1;"BBCH 69";"2024-06-05"
"TNTC";2;"BBCH 69";"2024-06-05"
"TNTC";4;"BBCH 69";"2024-06-05"
"TNTC";2;"BBCH 69";"2024-06-05"
"TNTC";4;"BBCH 69";"2024-06-05"
"TNTC";1;"BBCH 69";"2024-06-05"
"TNTC";2;"BBCH 69";"2024-06-05"
"TNTC";3;"BBCH 69";"2024-06-05"
"TNTC";2;"BBCH 69";"2024-06-05"
"TNTC";1;"BBCH 69";"2024-06-05"
"TNTC";2;"BBCH 69";"2024-06-05"
"TNTC";4;"BBCH 69";"2024-06-05"
"TNTC";1;"BBCH 69";"2024-06-05"
"TNTC";1;"BBCH 69";"2024-06-05"
"TNTC";4;"BBCH 69";"2024-06-05"
"TNTC";3;"BBCH 69";"2024-06-05"
"TNTC";1;"BBCH 69";"2024-06-05"
"TNTC";5;"BBCH 69";"2024-06-05"
"TNTC";4;"BBCH 69";"2024-06-05"
"TNTC";2;"BBCH 69";"2024-06-05"
"TNTC";2;"BBCH 69";"2024-06-05"
"TNTC";2;"BBCH 69";"2024-06-05"
"TNTC";2;"BBCH 69";"2024-06-05"
"TNTC";1;"BBCH 69";"2024-06-05"
"TNTC";1;"BBCH 69";"2024-06-05"
"TNTC";3;"BBCH 69";"2024-06-05"
"TNTC";4;"BBCH 69";"2024-06-05"
"TNTC";2;"BBCH 69";"2024-06-05"
"TNTC";4;"BBCH 69";"2024-06-05"
"TNTC";3;"BBCH 69";"2024-06-05"
"TNTC";1;"BBCH 69";"2024-06-05"
"TNTC";2;"BBCH 69";"2024-06-05"
"TNTC";1;"BBCH 69";"2024-06-05"
"TNTC";2;"BBCH 69";"2024-06-05"
"TNTC";1;"BBCH 69";"2024-06-05"
"TNTD";2;"BBCH 69";"2024-06-05"
"TNTD";5;"BBCH 69";"2024-06-05"
"TNTD";1;"BBCH 69";"2024-06-05"
"TNTD";4;"BBCH 69";"2024-06-05"
"TNTD";4;"BBCH 69";"2024-06-05"
"TNTD";1;"BBCH 69";"2024-06-05"
"TNTD";2;"BBCH 69";"2024-06-05"
"TNTD";2;"BBCH 69";"2024-06-05"
"TNTD";2;"BBCH 69";"2024-06-05"
"TNTD";3;"BBCH 69";"2024-06-05"
"TNTD";3;"BBCH 69";"2024-06-05"
"TNTD";3;"BBCH 69";"2024-06-05"
"TNTD";5;"BBCH 69";"2024-06-05"
"TNTD";4;"BBCH 69";"2024-06-05"
"TNTD";4;"BBCH 69";"2024-06-05"
"TNTD";2;"BBCH 69";"2024-06-05"
"TNTD";2;"BBCH 69";"2024-06-05"
"TNTD";3;"BBCH 69";"2024-06-05"
"TNTD";5;"BBCH 69";"2024-06-05"
"TNTD";2;"BBCH 69";"2024-06-05"
"TNTD";4;"BBCH 69";"2024-06-05"
"TNTD";4;"BBCH 69";"2024-06-05"
"TNTD";2;"BBCH 69";"2024-06-05"
"TNTD";4;"BBCH 69";"2024-06-05"
"TNTD";1;"BBCH 69";"2024-06-05"
"TNTD";6;"BBCH 69";"2024-06-05"
"TNTD";3;"BBCH 69";"2024-06-05"
"TNTD";2;"BBCH 69";"2024-06-05"
"TNTD";3;"BBCH 69";"2024-06-05"
"TNTD";2;"BBCH 69";"2024-06-05"
"TNTD";1;"BBCH 69";"2024-06-05"
"TNTD";4;"BBCH 69";"2024-06-05"
"TNTD";3;"BBCH 69";"2024-06-05"
"TNTD";3;"BBCH 69";"2024-06-05"
"TNTD";2;"BBCH 69";"2024-06-05"
"TNTD";7;"BBCH 69";"2024-06-05"
"TNTD";3;"BBCH 69";"2024-06-05"
"TNTD";2;"BBCH 69";"2024-06-05"
"TNTD";4;"BBCH 69";"2024-06-05"
"TNTD";2;"BBCH 69";"2024-06-05"
"TNTD";2;"BBCH 69";"2024-06-05"
"TNTD";6;"BBCH 69";"2024-06-05"
"TNTD";4;"BBCH 69";"2024-06-05"
"TNTD";3;"BBCH 69";"2024-06-05"
"TNTD";3;"BBCH 69";"2024-06-05"
"TNTD";2;"BBCH 69";"2024-06-05"
"TNTD";3;"BBCH 69";"2024-06-05"
"TNTD";4;"BBCH 69";"2024-06-05"
"TNTD";2;"BBCH 69";"2024-06-05"
"TNTD";6;"BBCH 69";"2024-06-05"
"TNTD";3;"BBCH 69";"2024-06-05"
"TNTD";3;"BBCH 69";"2024-06-05"
"TNTD";5;"BBCH 69";"2024-06-05"
"TNTD";2;"BBCH 69";"2024-06-05"
"TNTD";3;"BBCH 69";"2024-06-05"
"TNTD";5;"BBCH 69";"2024-06-05"
"TNTD";2;"BBCH 69";"2024-06-05"
"TNTD";5;"BBCH 69";"2024-06-05"
"TNTD";3;"BBCH 69";"2024-06-05"
"TNTD";5;"BBCH 69";"2024-06-05"
"TNTD";3;"BBCH 69";"2024-06-05"
"TNTD";7;"BBCH 69";"2024-06-05"
"TNTD";4;"BBCH 69";"2024-06-05"
"TNTD";6;"BBCH 69";"2024-06-05"
"TNTD";4;"BBCH 69";"2024-06-05"
"TNTD";7;"BBCH 69";"2024-06-05"
"TNTD";2;"BBCH 69";"2024-06-05"
"TNTD";2;"BBCH 69";"2024-06-05"
"TNTD";2;"BBCH 69";"2024-06-05"
"TNTD";4;"BBCH 69";"2024-06-05"
"TNTD";2;"BBCH 69";"2024-06-05"
"TNTD";3;"BBCH 69";"2024-06-05"
"TNTD";3;"BBCH 69";"2024-06-05"
"TNTD";3;"BBCH 69";"2024-06-05"
"TNTD";4;"BBCH 69";"2024-06-05"
"TNTD";2;"BBCH 69";"2024-06-05"
"TNTD";1;"BBCH 69";"2024-06-05"
"TNTD";10;"BBCH 69";"2024-06-05"
"TNTD";1;"BBCH 69";"2024-06-05"
"TNTD";2;"BBCH 69";"2024-06-05"
"TNTD";3;"BBCH 69";"2024-06-05"
"TNTD";4;"BBCH 69";"2024-06-05"
"TNTD";4;"BBCH 69";"2024-06-05"
"TNTD";4;"BBCH 69";"2024-06-05"
"TNTD";3;"BBCH 69";"2024-06-05"
"TNTD";6;"BBCH 69";"2024-06-05"
"TNTD";3;"BBCH 69";"2024-06-05"
"TNTD";8;"BBCH 69";"2024-06-05"
"TNTD";4;"BBCH 69";"2024-06-05"
"TNTD";2;"BBCH 69";"2024-06-05"
"TNTD";3;"BBCH 69";"2024-06-05"
"TNTD";4;"BBCH 69";"2024-06-05"
"TNTD";2;"BBCH 69";"2024-06-05"
"TNTD";7;"BBCH 69";"2024-06-05"
"TNTD";5;"BBCH 69";"2024-06-05"
