Code.essai;Date;Observateurs;Scribe;Stade.phenologique;Maladie;Organe;Placette;Bloc;X.;Valeur
30STAR2025;17/06/2024;ET ML;BD;71;Mildiou;Feuille;c14;c;1;5
30STAR2025;17/06/2024;ET ML;BD;71;Mildiou;Feuille;c14;c;2;5
30STAR2025;17/06/2024;ET ML;BD;71;Mildiou;Feuille;c14;c;3;5
30STAR2025;17/06/2024;ET ML;BD;71;Mildiou;Feuille;c14;c;4;0
30STAR2025;17/06/2024;ET ML;BD;71;Mildiou;Feuille;c14;c;5;5
30STAR2025;17/06/2024;ET ML;BD;71;Mildiou;Feuille;c14;c;6;5
30STAR2025;17/06/2024;ET ML;BD;71;Mildiou;Feuille;c14;c;7;0
30STAR2025;17/06/2024;ET ML;BD;71;Mildiou;Feuille;c14;c;8;10
30STAR2025;17/06/2024;ET ML;BD;71;Mildiou;Feuille;c14;c;9;5
30STAR2025;17/06/2024;ET ML;BD;71;Mildiou;Feuille;c14;c;10;0
30STAR2025;17/06/2024;ET ML;BD;71;Mildiou;Feuille;c14;c;11;10
30STAR2025;17/06/2024;ET ML;BD;71;Mildiou;Feuille;c14;c;12;5
30STAR2025;17/06/2024;ET ML;BD;71;Mildiou;Feuille;c14;c;13;0
30STAR2025;17/06/2024;ET ML;BD;71;Mildiou;Feuille;c14;c;14;0
30STAR2025;17/06/2024;ET ML;BD;71;Mildiou;Feuille;c14;c;15;20
30STAR2025;17/06/2024;ET ML;BD;71;Mildiou;Feuille;c14;c;16;0
30STAR2025;17/06/2024;ET ML;BD;71;Mildiou;Feuille;c14;c;17;20
30STAR2025;17/06/2024;ET ML;BD;71;Mildiou;Feuille;c14;c;18;5
30STAR2025;17/06/2024;ET ML;BD;71;Mildiou;Feuille;c14;c;19;5
30STAR2025;17/06/2024;ET ML;BD;71;Mildiou;Feuille;c14;c;20;0
30STAR2025;17/06/2024;ET ML;BD;71;Mildiou;Feuille;c14;c;21;2
30STAR2025;17/06/2024;ET ML;BD;71;Mildiou;Feuille;c14;c;22;20
30STAR2025;17/06/2024;ET ML;BD;71;Mildiou;Feuille;c14;c;23;5
30STAR2025;17/06/2024;ET ML;BD;71;Mildiou;Feuille;c14;c;24;0
30STAR2025;17/06/2024;ET ML;BD;71;Mildiou;Feuille;c14;c;25;0
30STAR2025;17/06/2024;ET ML;BD;71;Mildiou;Feuille;c14;c;26;0
30STAR2025;17/06/2024;ET ML;BD;71;Mildiou;Feuille;c14;c;27;5
30STAR2025;17/06/2024;ET ML;BD;71;Mildiou;Feuille;c14;c;28;5
30STAR2025;17/06/2024;ET ML;BD;71;Mildiou;Feuille;c14;c;29;20
30STAR2025;17/06/2024;ET ML;BD;71;Mildiou;Feuille;c14;c;30;5
30STAR2025;17/06/2024;ET ML;BD;71;Mildiou;Feuille;c14;c;31;0
30STAR2025;17/06/2024;ET ML;BD;71;Mildiou;Feuille;c14;c;32;0
30STAR2025;17/06/2024;ET ML;BD;71;Mildiou;Feuille;c14;c;33;0
30STAR2025;17/06/2024;ET ML;BD;71;Mildiou;Feuille;c14;c;34;10
30STAR2025;17/06/2024;ET ML;BD;71;Mildiou;Feuille;c14;c;35;0
30STAR2025;17/06/2024;ET ML;BD;71;Mildiou;Feuille;c14;c;36;0
30STAR2025;17/06/2024;ET ML;BD;71;Mildiou;Feuille;c14;c;37;20
30STAR2025;17/06/2024;ET ML;BD;71;Mildiou;Feuille;c14;c;38;0
30STAR2025;17/06/2024;ET ML;BD;71;Mildiou;Feuille;c14;c;39;5
30STAR2025;17/06/2024;ET ML;BD;71;Mildiou;Feuille;c14;c;40;0
30STAR2025;17/06/2024;ET ML;BD;71;Mildiou;Feuille;c14;c;41;0
30STAR2025;17/06/2024;ET ML;BD;71;Mildiou;Feuille;c14;c;42;5
30STAR2025;17/06/2024;ET ML;BD;71;Mildiou;Feuille;c14;c;43;0
30STAR2025;17/06/2024;ET ML;BD;71;Mildiou;Feuille;c14;c;44;0
30STAR2025;17/06/2024;ET ML;BD;71;Mildiou;Feuille;c14;c;45;0
30STAR2025;17/06/2024;ET ML;BD;71;Mildiou;Feuille;c14;c;46;0
30STAR2025;17/06/2024;ET ML;BD;71;Mildiou;Feuille;c14;c;47;0
30STAR2025;17/06/2024;ET ML;BD;71;Mildiou;Feuille;c14;c;48;10
30STAR2025;17/06/2024;ET ML;BD;71;Mildiou;Feuille;c14;c;49;5
30STAR2025;17/06/2024;ET ML;BD;71;Mildiou;Feuille;c14;c;50;0
30STAR2025;17/06/2024;ET ML;BD;71;Mildiou;Feuille;c15;c;1;10
30STAR2025;17/06/2024;ET ML;BD;71;Mildiou;Feuille;c15;c;2;5
30STAR2025;17/06/2024;ET ML;BD;71;Mildiou;Feuille;c15;c;3;2
30STAR2025;17/06/2024;ET ML;BD;71;Mildiou;Feuille;c15;c;4;0
30STAR2025;17/06/2024;ET ML;BD;71;Mildiou;Feuille;c15;c;5;10
30STAR2025;17/06/2024;ET ML;BD;71;Mildiou;Feuille;c15;c;6;0
30STAR2025;17/06/2024;ET ML;BD;71;Mildiou;Feuille;c15;c;7;0
30STAR2025;17/06/2024;ET ML;BD;71;Mildiou;Feuille;c15;c;8;5
30STAR2025;17/06/2024;ET ML;BD;71;Mildiou;Feuille;c15;c;9;20
30STAR2025;17/06/2024;ET ML;BD;71;Mildiou;Feuille;c15;c;10;0
30STAR2025;17/06/2024;ET ML;BD;71;Mildiou;Feuille;c15;c;11;20
30STAR2025;17/06/2024;ET ML;BD;71;Mildiou;Feuille;c15;c;12;5
30STAR2025;17/06/2024;ET ML;BD;71;Mildiou;Feuille;c15;c;13;20
30STAR2025;17/06/2024;ET ML;BD;71;Mildiou;Feuille;c15;c;14;0
30STAR2025;17/06/2024;ET ML;BD;71;Mildiou;Feuille;c15;c;15;0
30STAR2025;17/06/2024;ET ML;BD;71;Mildiou;Feuille;c15;c;16;10
30STAR2025;17/06/2024;ET ML;BD;71;Mildiou;Feuille;c15;c;17;10
30STAR2025;17/06/2024;ET ML;BD;71;Mildiou;Feuille;c15;c;18;5
30STAR2025;17/06/2024;ET ML;BD;71;Mildiou;Feuille;c15;c;19;0
30STAR2025;17/06/2024;ET ML;BD;71;Mildiou;Feuille;c15;c;20;30
30STAR2025;17/06/2024;ET ML;BD;71;Mildiou;Feuille;c15;c;21;10
30STAR2025;17/06/2024;ET ML;BD;71;Mildiou;Feuille;c15;c;22;0
30STAR2025;17/06/2024;ET ML;BD;71;Mildiou;Feuille;c15;c;23;0
30STAR2025;17/06/2024;ET ML;BD;71;Mildiou;Feuille;c15;c;24;5
30STAR2025;17/06/2024;ET ML;BD;71;Mildiou;Feuille;c15;c;25;0
30STAR2025;17/06/2024;ET ML;BD;71;Mildiou;Feuille;c15;c;26;0
30STAR2025;17/06/2024;ET ML;BD;71;Mildiou;Feuille;c15;c;27;0
30STAR2025;17/06/2024;ET ML;BD;71;Mildiou;Feuille;c15;c;28;2
30STAR2025;17/06/2024;ET ML;BD;71;Mildiou;Feuille;c15;c;29;0
30STAR2025;17/06/2024;ET ML;BD;71;Mildiou;Feuille;c15;c;30;0
30STAR2025;17/06/2024;ET ML;BD;71;Mildiou;Feuille;c15;c;31;2
30STAR2025;17/06/2024;ET ML;BD;71;Mildiou;Feuille;c15;c;32;0
30STAR2025;17/06/2024;ET ML;BD;71;Mildiou;Feuille;c15;c;33;2
30STAR2025;17/06/2024;ET ML;BD;71;Mildiou;Feuille;c15;c;34;10
30STAR2025;17/06/2024;ET ML;BD;71;Mildiou;Feuille;c15;c;35;5
30STAR2025;17/06/2024;ET ML;BD;71;Mildiou;Feuille;c15;c;36;20
30STAR2025;17/06/2024;ET ML;BD;71;Mildiou;Feuille;c15;c;37;20
30STAR2025;17/06/2024;ET ML;BD;71;Mildiou;Feuille;c15;c;38;10
30STAR2025;17/06/2024;ET ML;BD;71;Mildiou;Feuille;c15;c;39;0
30STAR2025;17/06/2024;ET ML;BD;71;Mildiou;Feuille;c15;c;40;0
30STAR2025;17/06/2024;ET ML;BD;71;Mildiou;Feuille;c15;c;41;5
30STAR2025;17/06/2024;ET ML;BD;71;Mildiou;Feuille;c15;c;42;0
30STAR2025;17/06/2024;ET ML;BD;71;Mildiou;Feuille;c15;c;43;20
30STAR2025;17/06/2024;ET ML;BD;71;Mildiou;Feuille;c15;c;44;5
30STAR2025;17/06/2024;ET ML;BD;71;Mildiou;Feuille;c15;c;45;10
30STAR2025;17/06/2024;ET ML;BD;71;Mildiou;Feuille;c15;c;46;0
30STAR2025;17/06/2024;ET ML;BD;71;Mildiou;Feuille;c15;c;47;30
30STAR2025;17/06/2024;ET ML;BD;71;Mildiou;Feuille;c15;c;48;20
30STAR2025;17/06/2024;ET ML;BD;71;Mildiou;Feuille;c15;c;49;10
30STAR2025;17/06/2024;ET ML;BD;71;Mildiou;Feuille;c15;c;50;5
30STAR2025;17/06/2024;ET ML;BD;71;Mildiou;Feuille;c13;c;1;0
30STAR2025;17/06/2024;ET ML;BD;71;Mildiou;Feuille;c13;c;2;0
30STAR2025;17/06/2024;ET ML;BD;71;Mildiou;Feuille;c13;c;3;20
30STAR2025;17/06/2024;ET ML;BD;71;Mildiou;Feuille;c13;c;4;0
30STAR2025;17/06/2024;ET ML;BD;71;Mildiou;Feuille;c13;c;5;0
30STAR2025;17/06/2024;ET ML;BD;71;Mildiou;Feuille;c13;c;6;0
30STAR2025;17/06/2024;ET ML;BD;71;Mildiou;Feuille;c13;c;7;10
30STAR2025;17/06/2024;ET ML;BD;71;Mildiou;Feuille;c13;c;8;30
30STAR2025;17/06/2024;ET ML;BD;71;Mildiou;Feuille;c13;c;9;5
30STAR2025;17/06/2024;ET ML;BD;71;Mildiou;Feuille;c13;c;10;2
30STAR2025;17/06/2024;ET ML;BD;71;Mildiou;Feuille;c13;c;11;30
30STAR2025;17/06/2024;ET ML;BD;71;Mildiou;Feuille;c13;c;12;20
30STAR2025;17/06/2024;ET ML;BD;71;Mildiou;Feuille;c13;c;13;30
30STAR2025;17/06/2024;ET ML;BD;71;Mildiou;Feuille;c13;c;14;30
30STAR2025;17/06/2024;ET ML;BD;71;Mildiou;Feuille;c13;c;15;20
30STAR2025;17/06/2024;ET ML;BD;71;Mildiou;Feuille;c13;c;16;0
30STAR2025;17/06/2024;ET ML;BD;71;Mildiou;Feuille;c13;c;17;0
30STAR2025;17/06/2024;ET ML;BD;71;Mildiou;Feuille;c13;c;18;0
30STAR2025;17/06/2024;ET ML;BD;71;Mildiou;Feuille;c13;c;19;0
30STAR2025;17/06/2024;ET ML;BD;71;Mildiou;Feuille;c13;c;20;0
30STAR2025;17/06/2024;ET ML;BD;71;Mildiou;Feuille;c13;c;21;0
30STAR2025;17/06/2024;ET ML;BD;71;Mildiou;Feuille;c13;c;22;5
30STAR2025;17/06/2024;ET ML;BD;71;Mildiou;Feuille;c13;c;23;0
30STAR2025;17/06/2024;ET ML;BD;71;Mildiou;Feuille;c13;c;24;10
30STAR2025;17/06/2024;ET ML;BD;71;Mildiou;Feuille;c13;c;25;5
30STAR2025;17/06/2024;ET ML;BD;71;Mildiou;Feuille;c13;c;26;20
30STAR2025;17/06/2024;ET ML;BD;71;Mildiou;Feuille;c13;c;27;5
30STAR2025;17/06/2024;ET ML;BD;71;Mildiou;Feuille;c13;c;28;5
30STAR2025;17/06/2024;ET ML;BD;71;Mildiou;Feuille;c13;c;29;5
30STAR2025;17/06/2024;ET ML;BD;71;Mildiou;Feuille;c13;c;30;5
30STAR2025;17/06/2024;ET ML;BD;71;Mildiou;Feuille;c13;c;31;10
30STAR2025;17/06/2024;ET ML;BD;71;Mildiou;Feuille;c13;c;32;20
30STAR2025;17/06/2024;ET ML;BD;71;Mildiou;Feuille;c13;c;33;0
30STAR2025;17/06/2024;ET ML;BD;71;Mildiou;Feuille;c13;c;34;2
30STAR2025;17/06/2024;ET ML;BD;71;Mildiou;Feuille;c13;c;35;0
30STAR2025;17/06/2024;ET ML;BD;71;Mildiou;Feuille;c13;c;36;0
30STAR2025;17/06/2024;ET ML;BD;71;Mildiou;Feuille;c13;c;37;0
30STAR2025;17/06/2024;ET ML;BD;71;Mildiou;Feuille;c13;c;38;5
30STAR2025;17/06/2024;ET ML;BD;71;Mildiou;Feuille;c13;c;39;5
30STAR2025;17/06/2024;ET ML;BD;71;Mildiou;Feuille;c13;c;40;5
30STAR2025;17/06/2024;ET ML;BD;71;Mildiou;Feuille;c13;c;41;5
30STAR2025;17/06/2024;ET ML;BD;71;Mildiou;Feuille;c13;c;42;5
30STAR2025;17/06/2024;ET ML;BD;71;Mildiou;Feuille;c13;c;43;10
30STAR2025;17/06/2024;ET ML;BD;71;Mildiou;Feuille;c13;c;44;5
30STAR2025;17/06/2024;ET ML;BD;71;Mildiou;Feuille;c13;c;45;5
30STAR2025;17/06/2024;ET ML;BD;71;Mildiou;Feuille;c13;c;46;2
30STAR2025;17/06/2024;ET ML;BD;71;Mildiou;Feuille;c13;c;47;0
30STAR2025;17/06/2024;ET ML;BD;71;Mildiou;Feuille;c13;c;48;0
30STAR2025;17/06/2024;ET ML;BD;71;Mildiou;Feuille;c13;c;49;5
30STAR2025;17/06/2024;ET ML;BD;71;Mildiou;Feuille;c13;c;50;5
30STAR2025;17/06/2024;ET ML;BD;71;Mildiou;Feuille;c16;c;1;0
30STAR2025;17/06/2024;ET ML;BD;71;Mildiou;Feuille;c16;c;2;0
30STAR2025;17/06/2024;ET ML;BD;71;Mildiou;Feuille;c16;c;3;0
30STAR2025;17/06/2024;ET ML;BD;71;Mildiou;Feuille;c16;c;4;0
30STAR2025;17/06/2024;ET ML;BD;71;Mildiou;Feuille;c16;c;5;0
30STAR2025;17/06/2024;ET ML;BD;71;Mildiou;Feuille;c16;c;6;5
30STAR2025;17/06/2024;ET ML;BD;71;Mildiou;Feuille;c16;c;7;5
30STAR2025;17/06/2024;ET ML;BD;71;Mildiou;Feuille;c16;c;8;20
30STAR2025;17/06/2024;ET ML;BD;71;Mildiou;Feuille;c16;c;9;0
30STAR2025;17/06/2024;ET ML;BD;71;Mildiou;Feuille;c16;c;10;0
30STAR2025;17/06/2024;ET ML;BD;71;Mildiou;Feuille;c16;c;11;10
30STAR2025;17/06/2024;ET ML;BD;71;Mildiou;Feuille;c16;c;12;5
30STAR2025;17/06/2024;ET ML;BD;71;Mildiou;Feuille;c16;c;13;2
30STAR2025;17/06/2024;ET ML;BD;71;Mildiou;Feuille;c16;c;14;5
30STAR2025;17/06/2024;ET ML;BD;71;Mildiou;Feuille;c16;c;15;10
30STAR2025;17/06/2024;ET ML;BD;71;Mildiou;Feuille;c16;c;16;0
30STAR2025;17/06/2024;ET ML;BD;71;Mildiou;Feuille;c16;c;17;0
30STAR2025;17/06/2024;ET ML;BD;71;Mildiou;Feuille;c16;c;18;0
30STAR2025;17/06/2024;ET ML;BD;71;Mildiou;Feuille;c16;c;19;2
30STAR2025;17/06/2024;ET ML;BD;71;Mildiou;Feuille;c16;c;20;0
30STAR2025;17/06/2024;ET ML;BD;71;Mildiou;Feuille;c16;c;21;0
30STAR2025;17/06/2024;ET ML;BD;71;Mildiou;Feuille;c16;c;22;5
30STAR2025;17/06/2024;ET ML;BD;71;Mildiou;Feuille;c16;c;23;10
30STAR2025;17/06/2024;ET ML;BD;71;Mildiou;Feuille;c16;c;24;5
30STAR2025;17/06/2024;ET ML;BD;71;Mildiou;Feuille;c16;c;25;0
30STAR2025;17/06/2024;ET ML;BD;71;Mildiou;Feuille;c16;c;26;0
30STAR2025;17/06/2024;ET ML;BD;71;Mildiou;Feuille;c16;c;27;0
30STAR2025;17/06/2024;ET ML;BD;71;Mildiou;Feuille;c16;c;28;0
30STAR2025;17/06/2024;ET ML;BD;71;Mildiou;Feuille;c16;c;29;10
30STAR2025;17/06/2024;ET ML;BD;71;Mildiou;Feuille;c16;c;30;5
30STAR2025;17/06/2024;ET ML;BD;71;Mildiou;Feuille;c16;c;31;5
30STAR2025;17/06/2024;ET ML;BD;71;Mildiou;Feuille;c16;c;32;30
30STAR2025;17/06/2024;ET ML;BD;71;Mildiou;Feuille;c16;c;33;5
30STAR2025;17/06/2024;ET ML;BD;71;Mildiou;Feuille;c16;c;34;2
30STAR2025;17/06/2024;ET ML;BD;71;Mildiou;Feuille;c16;c;35;2
30STAR2025;17/06/2024;ET ML;BD;71;Mildiou;Feuille;c16;c;36;5
30STAR2025;17/06/2024;ET ML;BD;71;Mildiou;Feuille;c16;c;37;0
30STAR2025;17/06/2024;ET ML;BD;71;Mildiou;Feuille;c16;c;38;5
30STAR2025;17/06/2024;ET ML;BD;71;Mildiou;Feuille;c16;c;39;0
30STAR2025;17/06/2024;ET ML;BD;71;Mildiou;Feuille;c16;c;40;0
30STAR2025;17/06/2024;ET ML;BD;71;Mildiou;Feuille;c16;c;41;0
30STAR2025;17/06/2024;ET ML;BD;71;Mildiou;Feuille;c16;c;42;0
30STAR2025;17/06/2024;ET ML;BD;71;Mildiou;Feuille;c16;c;43;0
30STAR2025;17/06/2024;ET ML;BD;71;Mildiou;Feuille;c16;c;44;10
30STAR2025;17/06/2024;ET ML;BD;71;Mildiou;Feuille;c16;c;45;0
30STAR2025;17/06/2024;ET ML;BD;71;Mildiou;Feuille;c16;c;46;0
30STAR2025;17/06/2024;ET ML;BD;71;Mildiou;Feuille;c16;c;47;5
30STAR2025;17/06/2024;ET ML;BD;71;Mildiou;Feuille;c16;c;48;5
30STAR2025;17/06/2024;ET ML;BD;71;Mildiou;Feuille;c16;c;49;5
30STAR2025;17/06/2024;ET ML;BD;71;Mildiou;Feuille;c16;c;50;10
30STAR2025;17/06/2024;ET ML;BD;71;Mildiou;Feuille;TNT;tnt12;1;30
30STAR2025;17/06/2024;ET ML;BD;71;Mildiou;Feuille;TNT;tnt12;2;20
30STAR2025;17/06/2024;ET ML;BD;71;Mildiou;Feuille;TNT;tnt12;3;20
30STAR2025;17/06/2024;ET ML;BD;71;Mildiou;Feuille;TNT;tnt12;4;10
30STAR2025;17/06/2024;ET ML;BD;71;Mildiou;Feuille;TNT;tnt12;5;15
30STAR2025;17/06/2024;ET ML;BD;71;Mildiou;Feuille;TNT;tnt12;6;10
30STAR2025;17/06/2024;ET ML;BD;71;Mildiou;Feuille;TNT;tnt12;7;10
30STAR2025;17/06/2024;ET ML;BD;71;Mildiou;Feuille;TNT;tnt12;8;10
30STAR2025;17/06/2024;ET ML;BD;71;Mildiou;Feuille;TNT;tnt12;9;5
30STAR2025;17/06/2024;ET ML;BD;71;Mildiou;Feuille;TNT;tnt12;10;30
30STAR2025;17/06/2024;ET ML;BD;71;Mildiou;Feuille;TNT;tnt12;11;30
30STAR2025;17/06/2024;ET ML;BD;71;Mildiou;Feuille;TNT;tnt12;12;10
30STAR2025;17/06/2024;ET ML;BD;71;Mildiou;Feuille;TNT;tnt12;13;20
30STAR2025;17/06/2024;ET ML;BD;71;Mildiou;Feuille;TNT;tnt12;14;10
30STAR2025;17/06/2024;ET ML;BD;71;Mildiou;Feuille;TNT;tnt12;15;30
30STAR2025;17/06/2024;ET ML;BD;71;Mildiou;Feuille;TNT;tnt12;16;30
30STAR2025;17/06/2024;ET ML;BD;71;Mildiou;Feuille;TNT;tnt12;17;30
30STAR2025;17/06/2024;ET ML;BD;71;Mildiou;Feuille;TNT;tnt12;18;25
30STAR2025;17/06/2024;ET ML;BD;71;Mildiou;Feuille;TNT;tnt12;19;20
30STAR2025;17/06/2024;ET ML;BD;71;Mildiou;Feuille;TNT;tnt12;20;10
30STAR2025;17/06/2024;ET ML;BD;71;Mildiou;Feuille;TNT;tnt12;21;10
30STAR2025;17/06/2024;ET ML;BD;71;Mildiou;Feuille;TNT;tnt12;22;10
30STAR2025;17/06/2024;ET ML;BD;71;Mildiou;Feuille;TNT;tnt12;23;30
30STAR2025;17/06/2024;ET ML;BD;71;Mildiou;Feuille;TNT;tnt12;24;30
30STAR2025;17/06/2024;ET ML;BD;71;Mildiou;Feuille;TNT;tnt12;25;50
30STAR2025;17/06/2024;ET ML;BD;71;Mildiou;Feuille;TNT;tnt12;26;10
30STAR2025;17/06/2024;ET ML;BD;71;Mildiou;Feuille;TNT;tnt12;27;40
30STAR2025;17/06/2024;ET ML;BD;71;Mildiou;Feuille;TNT;tnt12;28;30
30STAR2025;17/06/2024;ET ML;BD;71;Mildiou;Feuille;TNT;tnt12;29;20
30STAR2025;17/06/2024;ET ML;BD;71;Mildiou;Feuille;TNT;tnt12;30;20
30STAR2025;17/06/2024;ET ML;BD;71;Mildiou;Feuille;TNT;tnt12;31;10
30STAR2025;17/06/2024;ET ML;BD;71;Mildiou;Feuille;TNT;tnt12;32;30
30STAR2025;17/06/2024;ET ML;BD;71;Mildiou;Feuille;TNT;tnt12;33;2
30STAR2025;17/06/2024;ET ML;BD;71;Mildiou;Feuille;TNT;tnt12;34;5
30STAR2025;17/06/2024;ET ML;BD;71;Mildiou;Feuille;TNT;tnt12;35;25
30STAR2025;17/06/2024;ET ML;BD;71;Mildiou;Feuille;TNT;tnt12;36;30
30STAR2025;17/06/2024;ET ML;BD;71;Mildiou;Feuille;TNT;tnt12;37;10
30STAR2025;17/06/2024;ET ML;BD;71;Mildiou;Feuille;TNT;tnt12;38;10
30STAR2025;17/06/2024;ET ML;BD;71;Mildiou;Feuille;TNT;tnt12;39;40
30STAR2025;17/06/2024;ET ML;BD;71;Mildiou;Feuille;TNT;tnt12;40;30
30STAR2025;17/06/2024;ET ML;BD;71;Mildiou;Feuille;TNT;tnt12;41;25
30STAR2025;17/06/2024;ET ML;BD;71;Mildiou;Feuille;TNT;tnt12;42;30
30STAR2025;17/06/2024;ET ML;BD;71;Mildiou;Feuille;TNT;tnt12;43;5
30STAR2025;17/06/2024;ET ML;BD;71;Mildiou;Feuille;TNT;tnt12;44;5
30STAR2025;17/06/2024;ET ML;BD;71;Mildiou;Feuille;TNT;tnt12;45;5
30STAR2025;17/06/2024;ET ML;BD;71;Mildiou;Feuille;TNT;tnt12;46;5
30STAR2025;17/06/2024;ET ML;BD;71;Mildiou;Feuille;TNT;tnt12;47;10
30STAR2025;17/06/2024;ET ML;BD;71;Mildiou;Feuille;TNT;tnt12;48;5
30STAR2025;17/06/2024;ET ML;BD;71;Mildiou;Feuille;TNT;tnt12;49;10
30STAR2025;17/06/2024;ET ML;BD;71;Mildiou;Feuille;TNT;tnt12;50;5
30STAR2025;17/06/2024;ET ML;BD;71;Mildiou;Feuille;b15;b;1;5
30STAR2025;17/06/2024;ET ML;BD;71;Mildiou;Feuille;b15;b;2;5
30STAR2025;17/06/2024;ET ML;BD;71;Mildiou;Feuille;b15;b;3;5
30STAR2025;17/06/2024;ET ML;BD;71;Mildiou;Feuille;b15;b;4;5
30STAR2025;17/06/2024;ET ML;BD;71;Mildiou;Feuille;b15;b;5;20
30STAR2025;17/06/2024;ET ML;BD;71;Mildiou;Feuille;b15;b;6;2
30STAR2025;17/06/2024;ET ML;BD;71;Mildiou;Feuille;b15;b;7;0
30STAR2025;17/06/2024;ET ML;BD;71;Mildiou;Feuille;b15;b;8;2
30STAR2025;17/06/2024;ET ML;BD;71;Mildiou;Feuille;b15;b;9;20
30STAR2025;17/06/2024;ET ML;BD;71;Mildiou;Feuille;b15;b;10;0
30STAR2025;17/06/2024;ET ML;BD;71;Mildiou;Feuille;b15;b;11;0
30STAR2025;17/06/2024;ET ML;BD;71;Mildiou;Feuille;b15;b;12;0
30STAR2025;17/06/2024;ET ML;BD;71;Mildiou;Feuille;b15;b;13;10
30STAR2025;17/06/2024;ET ML;BD;71;Mildiou;Feuille;b15;b;14;0
30STAR2025;17/06/2024;ET ML;BD;71;Mildiou;Feuille;b15;b;15;0
30STAR2025;17/06/2024;ET ML;BD;71;Mildiou;Feuille;b15;b;16;0
30STAR2025;17/06/2024;ET ML;BD;71;Mildiou;Feuille;b15;b;17;30
30STAR2025;17/06/2024;ET ML;BD;71;Mildiou;Feuille;b15;b;18;0
30STAR2025;17/06/2024;ET ML;BD;71;Mildiou;Feuille;b15;b;19;5
30STAR2025;17/06/2024;ET ML;BD;71;Mildiou;Feuille;b15;b;20;5
30STAR2025;17/06/2024;ET ML;BD;71;Mildiou;Feuille;b15;b;21;5
30STAR2025;17/06/2024;ET ML;BD;71;Mildiou;Feuille;b15;b;22;5
30STAR2025;17/06/2024;ET ML;BD;71;Mildiou;Feuille;b15;b;23;5
30STAR2025;17/06/2024;ET ML;BD;71;Mildiou;Feuille;b15;b;24;5
30STAR2025;17/06/2024;ET ML;BD;71;Mildiou;Feuille;b15;b;25;5
30STAR2025;17/06/2024;ET ML;BD;71;Mildiou;Feuille;b15;b;26;10
30STAR2025;17/06/2024;ET ML;BD;71;Mildiou;Feuille;b15;b;27;20
30STAR2025;17/06/2024;ET ML;BD;71;Mildiou;Feuille;b15;b;28;10
30STAR2025;17/06/2024;ET ML;BD;71;Mildiou;Feuille;b15;b;29;10
30STAR2025;17/06/2024;ET ML;BD;71;Mildiou;Feuille;b15;b;30;5
30STAR2025;17/06/2024;ET ML;BD;71;Mildiou;Feuille;b15;b;31;10
30STAR2025;17/06/2024;ET ML;BD;71;Mildiou;Feuille;b15;b;32;10
30STAR2025;17/06/2024;ET ML;BD;71;Mildiou;Feuille;b15;b;33;20
30STAR2025;17/06/2024;ET ML;BD;71;Mildiou;Feuille;b15;b;34;0
30STAR2025;17/06/2024;ET ML;BD;71;Mildiou;Feuille;b15;b;35;10
30STAR2025;17/06/2024;ET ML;BD;71;Mildiou;Feuille;b15;b;36;10
30STAR2025;17/06/2024;ET ML;BD;71;Mildiou;Feuille;b15;b;37;5
30STAR2025;17/06/2024;ET ML;BD;71;Mildiou;Feuille;b15;b;38;0
30STAR2025;17/06/2024;ET ML;BD;71;Mildiou;Feuille;b15;b;39;20
30STAR2025;17/06/2024;ET ML;BD;71;Mildiou;Feuille;b15;b;40;10
30STAR2025;17/06/2024;ET ML;BD;71;Mildiou;Feuille;b15;b;41;5
30STAR2025;17/06/2024;ET ML;BD;71;Mildiou;Feuille;b15;b;42;5
30STAR2025;17/06/2024;ET ML;BD;71;Mildiou;Feuille;b15;b;43;5
30STAR2025;17/06/2024;ET ML;BD;71;Mildiou;Feuille;b15;b;44;5
30STAR2025;17/06/2024;ET ML;BD;71;Mildiou;Feuille;b15;b;45;20
30STAR2025;17/06/2024;ET ML;BD;71;Mildiou;Feuille;b15;b;46;20
30STAR2025;17/06/2024;ET ML;BD;71;Mildiou;Feuille;b15;b;47;20
30STAR2025;17/06/2024;ET ML;BD;71;Mildiou;Feuille;b15;b;48;20
30STAR2025;17/06/2024;ET ML;BD;71;Mildiou;Feuille;b15;b;49;2
30STAR2025;17/06/2024;ET ML;BD;71;Mildiou;Feuille;b15;b;50;2
30STAR2025;17/06/2024;ET ML;BD;71;Mildiou;Feuille;b16;b;1;5
30STAR2025;17/06/2024;ET ML;BD;71;Mildiou;Feuille;b16;b;2;10
30STAR2025;17/06/2024;ET ML;BD;71;Mildiou;Feuille;b16;b;3;0
30STAR2025;17/06/2024;ET ML;BD;71;Mildiou;Feuille;b16;b;4;5
30STAR2025;17/06/2024;ET ML;BD;71;Mildiou;Feuille;b16;b;5;10
30STAR2025;17/06/2024;ET ML;BD;71;Mildiou;Feuille;b16;b;6;5
30STAR2025;17/06/2024;ET ML;BD;71;Mildiou;Feuille;b16;b;7;0
30STAR2025;17/06/2024;ET ML;BD;71;Mildiou;Feuille;b16;b;8;0
30STAR2025;17/06/2024;ET ML;BD;71;Mildiou;Feuille;b16;b;9;0
30STAR2025;17/06/2024;ET ML;BD;71;Mildiou;Feuille;b16;b;10;0
30STAR2025;17/06/2024;ET ML;BD;71;Mildiou;Feuille;b16;b;11;2
30STAR2025;17/06/2024;ET ML;BD;71;Mildiou;Feuille;b16;b;12;5
30STAR2025;17/06/2024;ET ML;BD;71;Mildiou;Feuille;b16;b;13;20
30STAR2025;17/06/2024;ET ML;BD;71;Mildiou;Feuille;b16;b;14;10
30STAR2025;17/06/2024;ET ML;BD;71;Mildiou;Feuille;b16;b;15;30
30STAR2025;17/06/2024;ET ML;BD;71;Mildiou;Feuille;b16;b;16;5
30STAR2025;17/06/2024;ET ML;BD;71;Mildiou;Feuille;b16;b;17;5
30STAR2025;17/06/2024;ET ML;BD;71;Mildiou;Feuille;b16;b;18;2
30STAR2025;17/06/2024;ET ML;BD;71;Mildiou;Feuille;b16;b;19;2
30STAR2025;17/06/2024;ET ML;BD;71;Mildiou;Feuille;b16;b;20;5
30STAR2025;17/06/2024;ET ML;BD;71;Mildiou;Feuille;b16;b;21;20
30STAR2025;17/06/2024;ET ML;BD;71;Mildiou;Feuille;b16;b;22;0
30STAR2025;17/06/2024;ET ML;BD;71;Mildiou;Feuille;b16;b;23;0
30STAR2025;17/06/2024;ET ML;BD;71;Mildiou;Feuille;b16;b;24;5
30STAR2025;17/06/2024;ET ML;BD;71;Mildiou;Feuille;b16;b;25;5
30STAR2025;17/06/2024;ET ML;BD;71;Mildiou;Feuille;b16;b;26;10
30STAR2025;17/06/2024;ET ML;BD;71;Mildiou;Feuille;b16;b;27;0
30STAR2025;17/06/2024;ET ML;BD;71;Mildiou;Feuille;b16;b;28;0
30STAR2025;17/06/2024;ET ML;BD;71;Mildiou;Feuille;b16;b;29;5
30STAR2025;17/06/2024;ET ML;BD;71;Mildiou;Feuille;b16;b;30;5
30STAR2025;17/06/2024;ET ML;BD;71;Mildiou;Feuille;b16;b;31;5
30STAR2025;17/06/2024;ET ML;BD;71;Mildiou;Feuille;b16;b;32;5
30STAR2025;17/06/2024;ET ML;BD;71;Mildiou;Feuille;b16;b;33;5
30STAR2025;17/06/2024;ET ML;BD;71;Mildiou;Feuille;b16;b;34;1
30STAR2025;17/06/2024;ET ML;BD;71;Mildiou;Feuille;b16;b;35;0
30STAR2025;17/06/2024;ET ML;BD;71;Mildiou;Feuille;b16;b;36;0
30STAR2025;17/06/2024;ET ML;BD;71;Mildiou;Feuille;b16;b;37;0
30STAR2025;17/06/2024;ET ML;BD;71;Mildiou;Feuille;b16;b;38;0
30STAR2025;17/06/2024;ET ML;BD;71;Mildiou;Feuille;b16;b;39;5
30STAR2025;17/06/2024;ET ML;BD;71;Mildiou;Feuille;b16;b;40;5
30STAR2025;17/06/2024;ET ML;BD;71;Mildiou;Feuille;b16;b;41;10
30STAR2025;17/06/2024;ET ML;BD;71;Mildiou;Feuille;b16;b;42;5
30STAR2025;17/06/2024;ET ML;BD;71;Mildiou;Feuille;b16;b;43;20
30STAR2025;17/06/2024;ET ML;BD;71;Mildiou;Feuille;b16;b;44;10
30STAR2025;17/06/2024;ET ML;BD;71;Mildiou;Feuille;b16;b;45;2
30STAR2025;17/06/2024;ET ML;BD;71;Mildiou;Feuille;b16;b;46;2
30STAR2025;17/06/2024;ET ML;BD;71;Mildiou;Feuille;b16;b;47;0
30STAR2025;17/06/2024;ET ML;BD;71;Mildiou;Feuille;b16;b;48;5
30STAR2025;17/06/2024;ET ML;BD;71;Mildiou;Feuille;b16;b;49;2
30STAR2025;17/06/2024;ET ML;BD;71;Mildiou;Feuille;b16;b;50;2
30STAR2025;17/06/2024;ET ML;BD;71;Mildiou;Feuille;TNT;tnt10;1;20
30STAR2025;17/06/2024;ET ML;BD;71;Mildiou;Feuille;TNT;tnt10;2;20
30STAR2025;17/06/2024;ET ML;BD;71;Mildiou;Feuille;TNT;tnt10;3;20
30STAR2025;17/06/2024;ET ML;BD;71;Mildiou;Feuille;TNT;tnt10;4;20
30STAR2025;17/06/2024;ET ML;BD;71;Mildiou;Feuille;TNT;tnt10;5;10
30STAR2025;17/06/2024;ET ML;BD;71;Mildiou;Feuille;TNT;tnt10;6;10
30STAR2025;17/06/2024;ET ML;BD;71;Mildiou;Feuille;TNT;tnt10;7;10
30STAR2025;17/06/2024;ET ML;BD;71;Mildiou;Feuille;TNT;tnt10;8;30
30STAR2025;17/06/2024;ET ML;BD;71;Mildiou;Feuille;TNT;tnt10;9;5
30STAR2025;17/06/2024;ET ML;BD;71;Mildiou;Feuille;TNT;tnt10;10;20
30STAR2025;17/06/2024;ET ML;BD;71;Mildiou;Feuille;TNT;tnt10;11;10
30STAR2025;17/06/2024;ET ML;BD;71;Mildiou;Feuille;TNT;tnt10;12;20
30STAR2025;17/06/2024;ET ML;BD;71;Mildiou;Feuille;TNT;tnt10;13;20
30STAR2025;17/06/2024;ET ML;BD;71;Mildiou;Feuille;TNT;tnt10;14;30
30STAR2025;17/06/2024;ET ML;BD;71;Mildiou;Feuille;TNT;tnt10;15;5
30STAR2025;17/06/2024;ET ML;BD;71;Mildiou;Feuille;TNT;tnt10;16;10
30STAR2025;17/06/2024;ET ML;BD;71;Mildiou;Feuille;TNT;tnt10;17;10
30STAR2025;17/06/2024;ET ML;BD;71;Mildiou;Feuille;TNT;tnt10;18;40
30STAR2025;17/06/2024;ET ML;BD;71;Mildiou;Feuille;TNT;tnt10;19;30
30STAR2025;17/06/2024;ET ML;BD;71;Mildiou;Feuille;TNT;tnt10;20;40
30STAR2025;17/06/2024;ET ML;BD;71;Mildiou;Feuille;TNT;tnt10;21;30
30STAR2025;17/06/2024;ET ML;BD;71;Mildiou;Feuille;TNT;tnt10;22;60
30STAR2025;17/06/2024;ET ML;BD;71;Mildiou;Feuille;TNT;tnt10;23;20
30STAR2025;17/06/2024;ET ML;BD;71;Mildiou;Feuille;TNT;tnt10;24;10
30STAR2025;17/06/2024;ET ML;BD;71;Mildiou;Feuille;TNT;tnt10;25;10
30STAR2025;17/06/2024;ET ML;BD;71;Mildiou;Feuille;TNT;tnt10;26;10
30STAR2025;17/06/2024;ET ML;BD;71;Mildiou;Feuille;TNT;tnt10;27;10
30STAR2025;17/06/2024;ET ML;BD;71;Mildiou;Feuille;TNT;tnt10;28;10
30STAR2025;17/06/2024;ET ML;BD;71;Mildiou;Feuille;TNT;tnt10;29;5
30STAR2025;17/06/2024;ET ML;BD;71;Mildiou;Feuille;TNT;tnt10;30;0
30STAR2025;17/06/2024;ET ML;BD;71;Mildiou;Feuille;TNT;tnt10;31;0
30STAR2025;17/06/2024;ET ML;BD;71;Mildiou;Feuille;TNT;tnt10;32;0
30STAR2025;17/06/2024;ET ML;BD;71;Mildiou;Feuille;TNT;tnt10;33;5
30STAR2025;17/06/2024;ET ML;BD;71;Mildiou;Feuille;TNT;tnt10;34;5
30STAR2025;17/06/2024;ET ML;BD;71;Mildiou;Feuille;TNT;tnt10;35;5
30STAR2025;17/06/2024;ET ML;BD;71;Mildiou;Feuille;TNT;tnt10;36;25
30STAR2025;17/06/2024;ET ML;BD;71;Mildiou;Feuille;TNT;tnt10;37;20
30STAR2025;17/06/2024;ET ML;BD;71;Mildiou;Feuille;TNT;tnt10;38;20
30STAR2025;17/06/2024;ET ML;BD;71;Mildiou;Feuille;TNT;tnt10;39;30
30STAR2025;17/06/2024;ET ML;BD;71;Mildiou;Feuille;TNT;tnt10;40;40
30STAR2025;17/06/2024;ET ML;BD;71;Mildiou;Feuille;TNT;tnt10;41;10
30STAR2025;17/06/2024;ET ML;BD;71;Mildiou;Feuille;TNT;tnt10;42;10
30STAR2025;17/06/2024;ET ML;BD;71;Mildiou;Feuille;TNT;tnt10;43;15
30STAR2025;17/06/2024;ET ML;BD;71;Mildiou;Feuille;TNT;tnt10;44;5
30STAR2025;17/06/2024;ET ML;BD;71;Mildiou;Feuille;TNT;tnt10;45;0
30STAR2025;17/06/2024;ET ML;BD;71;Mildiou;Feuille;TNT;tnt10;46;0
30STAR2025;17/06/2024;ET ML;BD;71;Mildiou;Feuille;TNT;tnt10;47;30
30STAR2025;17/06/2024;ET ML;BD;71;Mildiou;Feuille;TNT;tnt10;48;0
30STAR2025;17/06/2024;ET ML;BD;71;Mildiou;Feuille;TNT;tnt10;49;0
30STAR2025;17/06/2024;ET ML;BD;71;Mildiou;Feuille;TNT;tnt10;50;5
30STAR2025;17/06/2024;ET ML;BD;71;Mildiou;Feuille;b13;b;1;0
30STAR2025;17/06/2024;ET ML;BD;71;Mildiou;Feuille;b13;b;2;0
30STAR2025;17/06/2024;ET ML;BD;71;Mildiou;Feuille;b13;b;3;30
30STAR2025;17/06/2024;ET ML;BD;71;Mildiou;Feuille;b13;b;4;0
30STAR2025;17/06/2024;ET ML;BD;71;Mildiou;Feuille;b13;b;5;0
30STAR2025;17/06/2024;ET ML;BD;71;Mildiou;Feuille;b13;b;6;0
30STAR2025;17/06/2024;ET ML;BD;71;Mildiou;Feuille;b13;b;7;0
30STAR2025;17/06/2024;ET ML;BD;71;Mildiou;Feuille;b13;b;8;0
30STAR2025;17/06/2024;ET ML;BD;71;Mildiou;Feuille;b13;b;9;0
30STAR2025;17/06/2024;ET ML;BD;71;Mildiou;Feuille;b13;b;10;0
30STAR2025;17/06/2024;ET ML;BD;71;Mildiou;Feuille;b13;b;11;0
30STAR2025;17/06/2024;ET ML;BD;71;Mildiou;Feuille;b13;b;12;5
30STAR2025;17/06/2024;ET ML;BD;71;Mildiou;Feuille;b13;b;13;0
30STAR2025;17/06/2024;ET ML;BD;71;Mildiou;Feuille;b13;b;14;0
30STAR2025;17/06/2024;ET ML;BD;71;Mildiou;Feuille;b13;b;15;0
30STAR2025;17/06/2024;ET ML;BD;71;Mildiou;Feuille;b13;b;16;5
30STAR2025;17/06/2024;ET ML;BD;71;Mildiou;Feuille;b13;b;17;5
30STAR2025;17/06/2024;ET ML;BD;71;Mildiou;Feuille;b13;b;18;10
30STAR2025;17/06/2024;ET ML;BD;71;Mildiou;Feuille;b13;b;19;10
30STAR2025;17/06/2024;ET ML;BD;71;Mildiou;Feuille;b13;b;20;5
30STAR2025;17/06/2024;ET ML;BD;71;Mildiou;Feuille;b13;b;21;0
30STAR2025;17/06/2024;ET ML;BD;71;Mildiou;Feuille;b13;b;22;0
30STAR2025;17/06/2024;ET ML;BD;71;Mildiou;Feuille;b13;b;23;0
30STAR2025;17/06/2024;ET ML;BD;71;Mildiou;Feuille;b13;b;24;5
30STAR2025;17/06/2024;ET ML;BD;71;Mildiou;Feuille;b13;b;25;20
30STAR2025;17/06/2024;ET ML;BD;71;Mildiou;Feuille;b13;b;26;0
30STAR2025;17/06/2024;ET ML;BD;71;Mildiou;Feuille;b13;b;27;0
30STAR2025;17/06/2024;ET ML;BD;71;Mildiou;Feuille;b13;b;28;5
30STAR2025;17/06/2024;ET ML;BD;71;Mildiou;Feuille;b13;b;29;10
30STAR2025;17/06/2024;ET ML;BD;71;Mildiou;Feuille;b13;b;30;5
30STAR2025;17/06/2024;ET ML;BD;71;Mildiou;Feuille;b13;b;31;0
30STAR2025;17/06/2024;ET ML;BD;71;Mildiou;Feuille;b13;b;32;5
30STAR2025;17/06/2024;ET ML;BD;71;Mildiou;Feuille;b13;b;33;5
30STAR2025;17/06/2024;ET ML;BD;71;Mildiou;Feuille;b13;b;34;0
30STAR2025;17/06/2024;ET ML;BD;71;Mildiou;Feuille;b13;b;35;0
30STAR2025;17/06/2024;ET ML;BD;71;Mildiou;Feuille;b13;b;36;0
30STAR2025;17/06/2024;ET ML;BD;71;Mildiou;Feuille;b13;b;37;5
30STAR2025;17/06/2024;ET ML;BD;71;Mildiou;Feuille;b13;b;38;5
30STAR2025;17/06/2024;ET ML;BD;71;Mildiou;Feuille;b13;b;39;5
30STAR2025;17/06/2024;ET ML;BD;71;Mildiou;Feuille;b13;b;40;0
30STAR2025;17/06/2024;ET ML;BD;71;Mildiou;Feuille;b13;b;41;0
30STAR2025;17/06/2024;ET ML;BD;71;Mildiou;Feuille;b13;b;42;0
30STAR2025;17/06/2024;ET ML;BD;71;Mildiou;Feuille;b13;b;43;0
30STAR2025;17/06/2024;ET ML;BD;71;Mildiou;Feuille;b13;b;44;5
30STAR2025;17/06/2024;ET ML;BD;71;Mildiou;Feuille;b13;b;45;5
30STAR2025;17/06/2024;ET ML;BD;71;Mildiou;Feuille;b13;b;46;0
30STAR2025;17/06/2024;ET ML;BD;71;Mildiou;Feuille;b13;b;47;0
30STAR2025;17/06/2024;ET ML;BD;71;Mildiou;Feuille;b13;b;48;0
30STAR2025;17/06/2024;ET ML;BD;71;Mildiou;Feuille;b13;b;49;0
30STAR2025;17/06/2024;ET ML;BD;71;Mildiou;Feuille;b13;b;50;0
30STAR2025;17/06/2024;ET ML;BD;71;Mildiou;Feuille;b14;b;1;0
30STAR2025;17/06/2024;ET ML;BD;71;Mildiou;Feuille;b14;b;2;0
30STAR2025;17/06/2024;ET ML;BD;71;Mildiou;Feuille;b14;b;3;0
30STAR2025;17/06/2024;ET ML;BD;71;Mildiou;Feuille;b14;b;4;0
30STAR2025;17/06/2024;ET ML;BD;71;Mildiou;Feuille;b14;b;5;5
30STAR2025;17/06/2024;ET ML;BD;71;Mildiou;Feuille;b14;b;6;10
30STAR2025;17/06/2024;ET ML;BD;71;Mildiou;Feuille;b14;b;7;2
30STAR2025;17/06/2024;ET ML;BD;71;Mildiou;Feuille;b14;b;8;5
30STAR2025;17/06/2024;ET ML;BD;71;Mildiou;Feuille;b14;b;9;10
30STAR2025;17/06/2024;ET ML;BD;71;Mildiou;Feuille;b14;b;10;2
30STAR2025;17/06/2024;ET ML;BD;71;Mildiou;Feuille;b14;b;11;5
30STAR2025;17/06/2024;ET ML;BD;71;Mildiou;Feuille;b14;b;12;10
30STAR2025;17/06/2024;ET ML;BD;71;Mildiou;Feuille;b14;b;13;2
30STAR2025;17/06/2024;ET ML;BD;71;Mildiou;Feuille;b14;b;14;0
30STAR2025;17/06/2024;ET ML;BD;71;Mildiou;Feuille;b14;b;15;0
30STAR2025;17/06/2024;ET ML;BD;71;Mildiou;Feuille;b14;b;16;5
30STAR2025;17/06/2024;ET ML;BD;71;Mildiou;Feuille;b14;b;17;5
30STAR2025;17/06/2024;ET ML;BD;71;Mildiou;Feuille;b14;b;18;5
30STAR2025;17/06/2024;ET ML;BD;71;Mildiou;Feuille;b14;b;19;5
30STAR2025;17/06/2024;ET ML;BD;71;Mildiou;Feuille;b14;b;20;10
30STAR2025;17/06/2024;ET ML;BD;71;Mildiou;Feuille;b14;b;21;10
30STAR2025;17/06/2024;ET ML;BD;71;Mildiou;Feuille;b14;b;22;5
30STAR2025;17/06/2024;ET ML;BD;71;Mildiou;Feuille;b14;b;23;5
30STAR2025;17/06/2024;ET ML;BD;71;Mildiou;Feuille;b14;b;24;0
30STAR2025;17/06/2024;ET ML;BD;71;Mildiou;Feuille;b14;b;25;0
30STAR2025;17/06/2024;ET ML;BD;71;Mildiou;Feuille;b14;b;26;0
30STAR2025;17/06/2024;ET ML;BD;71;Mildiou;Feuille;b14;b;27;0
30STAR2025;17/06/2024;ET ML;BD;71;Mildiou;Feuille;b14;b;28;0
30STAR2025;17/06/2024;ET ML;BD;71;Mildiou;Feuille;b14;b;29;0
30STAR2025;17/06/2024;ET ML;BD;71;Mildiou;Feuille;b14;b;30;0
30STAR2025;17/06/2024;ET ML;BD;71;Mildiou;Feuille;b14;b;31;2
30STAR2025;17/06/2024;ET ML;BD;71;Mildiou;Feuille;b14;b;32;5
30STAR2025;17/06/2024;ET ML;BD;71;Mildiou;Feuille;b14;b;33;5
30STAR2025;17/06/2024;ET ML;BD;71;Mildiou;Feuille;b14;b;34;5
30STAR2025;17/06/2024;ET ML;BD;71;Mildiou;Feuille;b14;b;35;5
30STAR2025;17/06/2024;ET ML;BD;71;Mildiou;Feuille;b14;b;36;0
30STAR2025;17/06/2024;ET ML;BD;71;Mildiou;Feuille;b14;b;37;0
30STAR2025;17/06/2024;ET ML;BD;71;Mildiou;Feuille;b14;b;38;10
30STAR2025;17/06/2024;ET ML;BD;71;Mildiou;Feuille;b14;b;39;5
30STAR2025;17/06/2024;ET ML;BD;71;Mildiou;Feuille;b14;b;40;0
30STAR2025;17/06/2024;ET ML;BD;71;Mildiou;Feuille;b14;b;41;0
30STAR2025;17/06/2024;ET ML;BD;71;Mildiou;Feuille;b14;b;42;2
30STAR2025;17/06/2024;ET ML;BD;71;Mildiou;Feuille;b14;b;43;5
30STAR2025;17/06/2024;ET ML;BD;71;Mildiou;Feuille;b14;b;44;10
30STAR2025;17/06/2024;ET ML;BD;71;Mildiou;Feuille;b14;b;45;2
30STAR2025;17/06/2024;ET ML;BD;71;Mildiou;Feuille;b14;b;46;5
30STAR2025;17/06/2024;ET ML;BD;71;Mildiou;Feuille;b14;b;47;0
30STAR2025;17/06/2024;ET ML;BD;71;Mildiou;Feuille;b14;b;48;0
30STAR2025;17/06/2024;ET ML;BD;71;Mildiou;Feuille;b14;b;49;5
30STAR2025;17/06/2024;ET ML;BD;71;Mildiou;Feuille;b14;b;50;5
30STAR2025;17/06/2024;ET ML;BD;71;Mildiou;Feuille;a15;a;1;0
30STAR2025;17/06/2024;ET ML;BD;71;Mildiou;Feuille;a15;a;2;0
30STAR2025;17/06/2024;ET ML;BD;71;Mildiou;Feuille;a15;a;3;0
30STAR2025;17/06/2024;ET ML;BD;71;Mildiou;Feuille;a15;a;4;10
30STAR2025;17/06/2024;ET ML;BD;71;Mildiou;Feuille;a15;a;5;5
30STAR2025;17/06/2024;ET ML;BD;71;Mildiou;Feuille;a15;a;6;0
30STAR2025;17/06/2024;ET ML;BD;71;Mildiou;Feuille;a15;a;7;0
30STAR2025;17/06/2024;ET ML;BD;71;Mildiou;Feuille;a15;a;8;1
30STAR2025;17/06/2024;ET ML;BD;71;Mildiou;Feuille;a15;a;9;20
30STAR2025;17/06/2024;ET ML;BD;71;Mildiou;Feuille;a15;a;10;0
30STAR2025;17/06/2024;ET ML;BD;71;Mildiou;Feuille;a15;a;11;5
30STAR2025;17/06/2024;ET ML;BD;71;Mildiou;Feuille;a15;a;12;5
30STAR2025;17/06/2024;ET ML;BD;71;Mildiou;Feuille;a15;a;13;5
30STAR2025;17/06/2024;ET ML;BD;71;Mildiou;Feuille;a15;a;14;15
30STAR2025;17/06/2024;ET ML;BD;71;Mildiou;Feuille;a15;a;15;0
30STAR2025;17/06/2024;ET ML;BD;71;Mildiou;Feuille;a15;a;16;0
30STAR2025;17/06/2024;ET ML;BD;71;Mildiou;Feuille;a15;a;17;0
30STAR2025;17/06/2024;ET ML;BD;71;Mildiou;Feuille;a15;a;18;0
30STAR2025;17/06/2024;ET ML;BD;71;Mildiou;Feuille;a15;a;19;0
30STAR2025;17/06/2024;ET ML;BD;71;Mildiou;Feuille;a15;a;20;5
30STAR2025;17/06/2024;ET ML;BD;71;Mildiou;Feuille;a15;a;21;0
30STAR2025;17/06/2024;ET ML;BD;71;Mildiou;Feuille;a15;a;22;0
30STAR2025;17/06/2024;ET ML;BD;71;Mildiou;Feuille;a15;a;23;0
30STAR2025;17/06/2024;ET ML;BD;71;Mildiou;Feuille;a15;a;24;10
30STAR2025;17/06/2024;ET ML;BD;71;Mildiou;Feuille;a15;a;25;10
30STAR2025;17/06/2024;ET ML;BD;71;Mildiou;Feuille;a15;a;26;5
30STAR2025;17/06/2024;ET ML;BD;71;Mildiou;Feuille;a15;a;27;5
30STAR2025;17/06/2024;ET ML;BD;71;Mildiou;Feuille;a15;a;28;5
30STAR2025;17/06/2024;ET ML;BD;71;Mildiou;Feuille;a15;a;29;5
30STAR2025;17/06/2024;ET ML;BD;71;Mildiou;Feuille;a15;a;30;0
30STAR2025;17/06/2024;ET ML;BD;71;Mildiou;Feuille;a15;a;31;0
30STAR2025;17/06/2024;ET ML;BD;71;Mildiou;Feuille;a15;a;32;0
30STAR2025;17/06/2024;ET ML;BD;71;Mildiou;Feuille;a15;a;33;0
30STAR2025;17/06/2024;ET ML;BD;71;Mildiou;Feuille;a15;a;34;0
30STAR2025;17/06/2024;ET ML;BD;71;Mildiou;Feuille;a15;a;35;0
30STAR2025;17/06/2024;ET ML;BD;71;Mildiou;Feuille;a15;a;36;0
30STAR2025;17/06/2024;ET ML;BD;71;Mildiou;Feuille;a15;a;37;0
30STAR2025;17/06/2024;ET ML;BD;71;Mildiou;Feuille;a15;a;38;0
30STAR2025;17/06/2024;ET ML;BD;71;Mildiou;Feuille;a15;a;39;0
30STAR2025;17/06/2024;ET ML;BD;71;Mildiou;Feuille;a15;a;40;5
30STAR2025;17/06/2024;ET ML;BD;71;Mildiou;Feuille;a15;a;41;5
30STAR2025;17/06/2024;ET ML;BD;71;Mildiou;Feuille;a15;a;42;0
30STAR2025;17/06/2024;ET ML;BD;71;Mildiou;Feuille;a15;a;43;10
30STAR2025;17/06/2024;ET ML;BD;71;Mildiou;Feuille;a15;a;44;5
30STAR2025;17/06/2024;ET ML;BD;71;Mildiou;Feuille;a15;a;45;5
30STAR2025;17/06/2024;ET ML;BD;71;Mildiou;Feuille;a15;a;46;5
30STAR2025;17/06/2024;ET ML;BD;71;Mildiou;Feuille;a15;a;47;5
30STAR2025;17/06/2024;ET ML;BD;71;Mildiou;Feuille;a15;a;48;0
30STAR2025;17/06/2024;ET ML;BD;71;Mildiou;Feuille;a15;a;49;5
30STAR2025;17/06/2024;ET ML;BD;71;Mildiou;Feuille;a15;a;50;0
30STAR2025;17/06/2024;ET ML;BD;71;Mildiou;Feuille;a14;a;1;0
30STAR2025;17/06/2024;ET ML;BD;71;Mildiou;Feuille;a14;a;2;0
30STAR2025;17/06/2024;ET ML;BD;71;Mildiou;Feuille;a14;a;3;10
30STAR2025;17/06/2024;ET ML;BD;71;Mildiou;Feuille;a14;a;4;0
30STAR2025;17/06/2024;ET ML;BD;71;Mildiou;Feuille;a14;a;5;0
30STAR2025;17/06/2024;ET ML;BD;71;Mildiou;Feuille;a14;a;6;20
30STAR2025;17/06/2024;ET ML;BD;71;Mildiou;Feuille;a14;a;7;0
30STAR2025;17/06/2024;ET ML;BD;71;Mildiou;Feuille;a14;a;8;0
30STAR2025;17/06/2024;ET ML;BD;71;Mildiou;Feuille;a14;a;9;5
30STAR2025;17/06/2024;ET ML;BD;71;Mildiou;Feuille;a14;a;10;0
30STAR2025;17/06/2024;ET ML;BD;71;Mildiou;Feuille;a14;a;11;0
30STAR2025;17/06/2024;ET ML;BD;71;Mildiou;Feuille;a14;a;12;10
30STAR2025;17/06/2024;ET ML;BD;71;Mildiou;Feuille;a14;a;13;0
30STAR2025;17/06/2024;ET ML;BD;71;Mildiou;Feuille;a14;a;14;0
30STAR2025;17/06/2024;ET ML;BD;71;Mildiou;Feuille;a14;a;15;5
30STAR2025;17/06/2024;ET ML;BD;71;Mildiou;Feuille;a14;a;16;10
30STAR2025;17/06/2024;ET ML;BD;71;Mildiou;Feuille;a14;a;17;0
30STAR2025;17/06/2024;ET ML;BD;71;Mildiou;Feuille;a14;a;18;0
30STAR2025;17/06/2024;ET ML;BD;71;Mildiou;Feuille;a14;a;19;0
30STAR2025;17/06/2024;ET ML;BD;71;Mildiou;Feuille;a14;a;20;0
30STAR2025;17/06/2024;ET ML;BD;71;Mildiou;Feuille;a14;a;21;0
30STAR2025;17/06/2024;ET ML;BD;71;Mildiou;Feuille;a14;a;22;2
30STAR2025;17/06/2024;ET ML;BD;71;Mildiou;Feuille;a14;a;23;5
30STAR2025;17/06/2024;ET ML;BD;71;Mildiou;Feuille;a14;a;24;0
30STAR2025;17/06/2024;ET ML;BD;71;Mildiou;Feuille;a14;a;25;0
30STAR2025;17/06/2024;ET ML;BD;71;Mildiou;Feuille;a14;a;26;0
30STAR2025;17/06/2024;ET ML;BD;71;Mildiou;Feuille;a14;a;27;5
30STAR2025;17/06/2024;ET ML;BD;71;Mildiou;Feuille;a14;a;28;0
30STAR2025;17/06/2024;ET ML;BD;71;Mildiou;Feuille;a14;a;29;0
30STAR2025;17/06/2024;ET ML;BD;71;Mildiou;Feuille;a14;a;30;5
30STAR2025;17/06/2024;ET ML;BD;71;Mildiou;Feuille;a14;a;31;5
30STAR2025;17/06/2024;ET ML;BD;71;Mildiou;Feuille;a14;a;32;5
30STAR2025;17/06/2024;ET ML;BD;71;Mildiou;Feuille;a14;a;33;5
30STAR2025;17/06/2024;ET ML;BD;71;Mildiou;Feuille;a14;a;34;0
30STAR2025;17/06/2024;ET ML;BD;71;Mildiou;Feuille;a14;a;35;10
30STAR2025;17/06/2024;ET ML;BD;71;Mildiou;Feuille;a14;a;36;10
30STAR2025;17/06/2024;ET ML;BD;71;Mildiou;Feuille;a14;a;37;0
30STAR2025;17/06/2024;ET ML;BD;71;Mildiou;Feuille;a14;a;38;20
30STAR2025;17/06/2024;ET ML;BD;71;Mildiou;Feuille;a14;a;39;0
30STAR2025;17/06/2024;ET ML;BD;71;Mildiou;Feuille;a14;a;40;20
30STAR2025;17/06/2024;ET ML;BD;71;Mildiou;Feuille;a14;a;41;5
30STAR2025;17/06/2024;ET ML;BD;71;Mildiou;Feuille;a14;a;42;10
30STAR2025;17/06/2024;ET ML;BD;71;Mildiou;Feuille;a14;a;43;0
30STAR2025;17/06/2024;ET ML;BD;71;Mildiou;Feuille;a14;a;44;15
30STAR2025;17/06/2024;ET ML;BD;71;Mildiou;Feuille;a14;a;45;0
30STAR2025;17/06/2024;ET ML;BD;71;Mildiou;Feuille;a14;a;46;5
30STAR2025;17/06/2024;ET ML;BD;71;Mildiou;Feuille;a14;a;47;10
30STAR2025;17/06/2024;ET ML;BD;71;Mildiou;Feuille;a14;a;48;15
30STAR2025;17/06/2024;ET ML;BD;71;Mildiou;Feuille;a14;a;49;20
30STAR2025;17/06/2024;ET ML;BD;71;Mildiou;Feuille;a14;a;50;0
30STAR2025;17/06/2024;ET ML;BD;71;Mildiou;Feuille;TNT;tnt9;1;30
30STAR2025;17/06/2024;ET ML;BD;71;Mildiou;Feuille;TNT;tnt9;2;10
30STAR2025;17/06/2024;ET ML;BD;71;Mildiou;Feuille;TNT;tnt9;3;5
30STAR2025;17/06/2024;ET ML;BD;71;Mildiou;Feuille;TNT;tnt9;4;30
30STAR2025;17/06/2024;ET ML;BD;71;Mildiou;Feuille;TNT;tnt9;5;10
30STAR2025;17/06/2024;ET ML;BD;71;Mildiou;Feuille;TNT;tnt9;6;10
30STAR2025;17/06/2024;ET ML;BD;71;Mildiou;Feuille;TNT;tnt9;7;20
30STAR2025;17/06/2024;ET ML;BD;71;Mildiou;Feuille;TNT;tnt9;8;40
30STAR2025;17/06/2024;ET ML;BD;71;Mildiou;Feuille;TNT;tnt9;9;50
30STAR2025;17/06/2024;ET ML;BD;71;Mildiou;Feuille;TNT;tnt9;10;60
30STAR2025;17/06/2024;ET ML;BD;71;Mildiou;Feuille;TNT;tnt9;11;30
30STAR2025;17/06/2024;ET ML;BD;71;Mildiou;Feuille;TNT;tnt9;12;20
30STAR2025;17/06/2024;ET ML;BD;71;Mildiou;Feuille;TNT;tnt9;13;20
30STAR2025;17/06/2024;ET ML;BD;71;Mildiou;Feuille;TNT;tnt9;14;30
30STAR2025;17/06/2024;ET ML;BD;71;Mildiou;Feuille;TNT;tnt9;15;30
30STAR2025;17/06/2024;ET ML;BD;71;Mildiou;Feuille;TNT;tnt9;16;10
30STAR2025;17/06/2024;ET ML;BD;71;Mildiou;Feuille;TNT;tnt9;17;10
30STAR2025;17/06/2024;ET ML;BD;71;Mildiou;Feuille;TNT;tnt9;18;10
30STAR2025;17/06/2024;ET ML;BD;71;Mildiou;Feuille;TNT;tnt9;19;10
30STAR2025;17/06/2024;ET ML;BD;71;Mildiou;Feuille;TNT;tnt9;20;5
30STAR2025;17/06/2024;ET ML;BD;71;Mildiou;Feuille;TNT;tnt9;21;5
30STAR2025;17/06/2024;ET ML;BD;71;Mildiou;Feuille;TNT;tnt9;22;30
30STAR2025;17/06/2024;ET ML;BD;71;Mildiou;Feuille;TNT;tnt9;23;30
30STAR2025;17/06/2024;ET ML;BD;71;Mildiou;Feuille;TNT;tnt9;24;25
30STAR2025;17/06/2024;ET ML;BD;71;Mildiou;Feuille;TNT;tnt9;25;20
30STAR2025;17/06/2024;ET ML;BD;71;Mildiou;Feuille;TNT;tnt9;26;50
30STAR2025;17/06/2024;ET ML;BD;71;Mildiou;Feuille;TNT;tnt9;27;25
30STAR2025;17/06/2024;ET ML;BD;71;Mildiou;Feuille;TNT;tnt9;28;25
30STAR2025;17/06/2024;ET ML;BD;71;Mildiou;Feuille;TNT;tnt9;29;40
30STAR2025;17/06/2024;ET ML;BD;71;Mildiou;Feuille;TNT;tnt9;30;30
30STAR2025;17/06/2024;ET ML;BD;71;Mildiou;Feuille;TNT;tnt9;31;30
30STAR2025;17/06/2024;ET ML;BD;71;Mildiou;Feuille;TNT;tnt9;32;30
30STAR2025;17/06/2024;ET ML;BD;71;Mildiou;Feuille;TNT;tnt9;33;20
30STAR2025;17/06/2024;ET ML;BD;71;Mildiou;Feuille;TNT;tnt9;34;5
30STAR2025;17/06/2024;ET ML;BD;71;Mildiou;Feuille;TNT;tnt9;35;10
30STAR2025;17/06/2024;ET ML;BD;71;Mildiou;Feuille;TNT;tnt9;36;10
30STAR2025;17/06/2024;ET ML;BD;71;Mildiou;Feuille;TNT;tnt9;37;10
30STAR2025;17/06/2024;ET ML;BD;71;Mildiou;Feuille;TNT;tnt9;38;10
30STAR2025;17/06/2024;ET ML;BD;71;Mildiou;Feuille;TNT;tnt9;39;0
30STAR2025;17/06/2024;ET ML;BD;71;Mildiou;Feuille;TNT;tnt9;40;5
30STAR2025;17/06/2024;ET ML;BD;71;Mildiou;Feuille;TNT;tnt9;41;5
30STAR2025;17/06/2024;ET ML;BD;71;Mildiou;Feuille;TNT;tnt9;42;0
30STAR2025;17/06/2024;ET ML;BD;71;Mildiou;Feuille;TNT;tnt9;43;25
30STAR2025;17/06/2024;ET ML;BD;71;Mildiou;Feuille;TNT;tnt9;44;5
30STAR2025;17/06/2024;ET ML;BD;71;Mildiou;Feuille;TNT;tnt9;45;0
30STAR2025;17/06/2024;ET ML;BD;71;Mildiou;Feuille;TNT;tnt9;46;10
30STAR2025;17/06/2024;ET ML;BD;71;Mildiou;Feuille;TNT;tnt9;47;20
30STAR2025;17/06/2024;ET ML;BD;71;Mildiou;Feuille;TNT;tnt9;48;30
30STAR2025;17/06/2024;ET ML;BD;71;Mildiou;Feuille;TNT;tnt9;49;20
30STAR2025;17/06/2024;ET ML;BD;71;Mildiou;Feuille;TNT;tnt9;50;30
30STAR2025;17/06/2024;ET ML;BD;71;Mildiou;Feuille;a16;a;1;10
30STAR2025;17/06/2024;ET ML;BD;71;Mildiou;Feuille;a16;a;2;0
30STAR2025;17/06/2024;ET ML;BD;71;Mildiou;Feuille;a16;a;3;0
30STAR2025;17/06/2024;ET ML;BD;71;Mildiou;Feuille;a16;a;4;0
30STAR2025;17/06/2024;ET ML;BD;71;Mildiou;Feuille;a16;a;5;0
30STAR2025;17/06/2024;ET ML;BD;71;Mildiou;Feuille;a16;a;6;5
30STAR2025;17/06/2024;ET ML;BD;71;Mildiou;Feuille;a16;a;7;0
30STAR2025;17/06/2024;ET ML;BD;71;Mildiou;Feuille;a16;a;8;0
30STAR2025;17/06/2024;ET ML;BD;71;Mildiou;Feuille;a16;a;9;0
30STAR2025;17/06/2024;ET ML;BD;71;Mildiou;Feuille;a16;a;10;0
30STAR2025;17/06/2024;ET ML;BD;71;Mildiou;Feuille;a16;a;11;5
30STAR2025;17/06/2024;ET ML;BD;71;Mildiou;Feuille;a16;a;12;5
30STAR2025;17/06/2024;ET ML;BD;71;Mildiou;Feuille;a16;a;13;0
30STAR2025;17/06/2024;ET ML;BD;71;Mildiou;Feuille;a16;a;14;10
30STAR2025;17/06/2024;ET ML;BD;71;Mildiou;Feuille;a16;a;15;10
30STAR2025;17/06/2024;ET ML;BD;71;Mildiou;Feuille;a16;a;16;10
30STAR2025;17/06/2024;ET ML;BD;71;Mildiou;Feuille;a16;a;17;20
30STAR2025;17/06/2024;ET ML;BD;71;Mildiou;Feuille;a16;a;18;5
30STAR2025;17/06/2024;ET ML;BD;71;Mildiou;Feuille;a16;a;19;5
30STAR2025;17/06/2024;ET ML;BD;71;Mildiou;Feuille;a16;a;20;5
30STAR2025;17/06/2024;ET ML;BD;71;Mildiou;Feuille;a16;a;21;2
30STAR2025;17/06/2024;ET ML;BD;71;Mildiou;Feuille;a16;a;22;20
30STAR2025;17/06/2024;ET ML;BD;71;Mildiou;Feuille;a16;a;23;5
30STAR2025;17/06/2024;ET ML;BD;71;Mildiou;Feuille;a16;a;24;5
30STAR2025;17/06/2024;ET ML;BD;71;Mildiou;Feuille;a16;a;25;10
30STAR2025;17/06/2024;ET ML;BD;71;Mildiou;Feuille;a16;a;26;10
30STAR2025;17/06/2024;ET ML;BD;71;Mildiou;Feuille;a16;a;27;5
30STAR2025;17/06/2024;ET ML;BD;71;Mildiou;Feuille;a16;a;28;0
30STAR2025;17/06/2024;ET ML;BD;71;Mildiou;Feuille;a16;a;29;0
30STAR2025;17/06/2024;ET ML;BD;71;Mildiou;Feuille;a16;a;30;2
30STAR2025;17/06/2024;ET ML;BD;71;Mildiou;Feuille;a16;a;31;2
30STAR2025;17/06/2024;ET ML;BD;71;Mildiou;Feuille;a16;a;32;0
30STAR2025;17/06/2024;ET ML;BD;71;Mildiou;Feuille;a16;a;33;5
30STAR2025;17/06/2024;ET ML;BD;71;Mildiou;Feuille;a16;a;34;0
30STAR2025;17/06/2024;ET ML;BD;71;Mildiou;Feuille;a16;a;35;5
30STAR2025;17/06/2024;ET ML;BD;71;Mildiou;Feuille;a16;a;36;5
30STAR2025;17/06/2024;ET ML;BD;71;Mildiou;Feuille;a16;a;37;2
30STAR2025;17/06/2024;ET ML;BD;71;Mildiou;Feuille;a16;a;38;10
30STAR2025;17/06/2024;ET ML;BD;71;Mildiou;Feuille;a16;a;39;20
30STAR2025;17/06/2024;ET ML;BD;71;Mildiou;Feuille;a16;a;40;5
30STAR2025;17/06/2024;ET ML;BD;71;Mildiou;Feuille;a16;a;41;0
30STAR2025;17/06/2024;ET ML;BD;71;Mildiou;Feuille;a16;a;42;2
30STAR2025;17/06/2024;ET ML;BD;71;Mildiou;Feuille;a16;a;43;0
30STAR2025;17/06/2024;ET ML;BD;71;Mildiou;Feuille;a16;a;44;10
30STAR2025;17/06/2024;ET ML;BD;71;Mildiou;Feuille;a16;a;45;20
30STAR2025;17/06/2024;ET ML;BD;71;Mildiou;Feuille;a16;a;46;0
30STAR2025;17/06/2024;ET ML;BD;71;Mildiou;Feuille;a16;a;47;0
30STAR2025;17/06/2024;ET ML;BD;71;Mildiou;Feuille;a16;a;48;5
30STAR2025;17/06/2024;ET ML;BD;71;Mildiou;Feuille;a16;a;49;0
30STAR2025;17/06/2024;ET ML;BD;71;Mildiou;Feuille;a16;a;50;0
30STAR2025;17/06/2024;ET ML;BD;71;Mildiou;Feuille;a13;a;1;10
30STAR2025;17/06/2024;ET ML;BD;71;Mildiou;Feuille;a13;a;2;20
30STAR2025;17/06/2024;ET ML;BD;71;Mildiou;Feuille;a13;a;3;5
30STAR2025;17/06/2024;ET ML;BD;71;Mildiou;Feuille;a13;a;4;5
30STAR2025;17/06/2024;ET ML;BD;71;Mildiou;Feuille;a13;a;5;5
30STAR2025;17/06/2024;ET ML;BD;71;Mildiou;Feuille;a13;a;6;10
30STAR2025;17/06/2024;ET ML;BD;71;Mildiou;Feuille;a13;a;7;10
30STAR2025;17/06/2024;ET ML;BD;71;Mildiou;Feuille;a13;a;8;5
30STAR2025;17/06/2024;ET ML;BD;71;Mildiou;Feuille;a13;a;9;5
30STAR2025;17/06/2024;ET ML;BD;71;Mildiou;Feuille;a13;a;10;5
30STAR2025;17/06/2024;ET ML;BD;71;Mildiou;Feuille;a13;a;11;5
30STAR2025;17/06/2024;ET ML;BD;71;Mildiou;Feuille;a13;a;12;20
30STAR2025;17/06/2024;ET ML;BD;71;Mildiou;Feuille;a13;a;13;30
30STAR2025;17/06/2024;ET ML;BD;71;Mildiou;Feuille;a13;a;14;5
30STAR2025;17/06/2024;ET ML;BD;71;Mildiou;Feuille;a13;a;15;5
30STAR2025;17/06/2024;ET ML;BD;71;Mildiou;Feuille;a13;a;16;0
30STAR2025;17/06/2024;ET ML;BD;71;Mildiou;Feuille;a13;a;17;0
30STAR2025;17/06/2024;ET ML;BD;71;Mildiou;Feuille;a13;a;18;30
30STAR2025;17/06/2024;ET ML;BD;71;Mildiou;Feuille;a13;a;19;20
30STAR2025;17/06/2024;ET ML;BD;71;Mildiou;Feuille;a13;a;20;5
30STAR2025;17/06/2024;ET ML;BD;71;Mildiou;Feuille;a13;a;21;10
30STAR2025;17/06/2024;ET ML;BD;71;Mildiou;Feuille;a13;a;22;0
30STAR2025;17/06/2024;ET ML;BD;71;Mildiou;Feuille;a13;a;23;20
30STAR2025;17/06/2024;ET ML;BD;71;Mildiou;Feuille;a13;a;24;30
30STAR2025;17/06/2024;ET ML;BD;71;Mildiou;Feuille;a13;a;25;10
30STAR2025;17/06/2024;ET ML;BD;71;Mildiou;Feuille;a13;a;26;10
30STAR2025;17/06/2024;ET ML;BD;71;Mildiou;Feuille;a13;a;27;0
30STAR2025;17/06/2024;ET ML;BD;71;Mildiou;Feuille;a13;a;28;0
30STAR2025;17/06/2024;ET ML;BD;71;Mildiou;Feuille;a13;a;29;0
30STAR2025;17/06/2024;ET ML;BD;71;Mildiou;Feuille;a13;a;30;5
30STAR2025;17/06/2024;ET ML;BD;71;Mildiou;Feuille;a13;a;31;5
30STAR2025;17/06/2024;ET ML;BD;71;Mildiou;Feuille;a13;a;32;5
30STAR2025;17/06/2024;ET ML;BD;71;Mildiou;Feuille;a13;a;33;5
30STAR2025;17/06/2024;ET ML;BD;71;Mildiou;Feuille;a13;a;34;5
30STAR2025;17/06/2024;ET ML;BD;71;Mildiou;Feuille;a13;a;35;0
30STAR2025;17/06/2024;ET ML;BD;71;Mildiou;Feuille;a13;a;36;5
30STAR2025;17/06/2024;ET ML;BD;71;Mildiou;Feuille;a13;a;37;0
30STAR2025;17/06/2024;ET ML;BD;71;Mildiou;Feuille;a13;a;38;5
30STAR2025;17/06/2024;ET ML;BD;71;Mildiou;Feuille;a13;a;39;10
30STAR2025;17/06/2024;ET ML;BD;71;Mildiou;Feuille;a13;a;40;0
30STAR2025;17/06/2024;ET ML;BD;71;Mildiou;Feuille;a13;a;41;15
30STAR2025;17/06/2024;ET ML;BD;71;Mildiou;Feuille;a13;a;42;5
30STAR2025;17/06/2024;ET ML;BD;71;Mildiou;Feuille;a13;a;43;20
30STAR2025;17/06/2024;ET ML;BD;71;Mildiou;Feuille;a13;a;44;10
30STAR2025;17/06/2024;ET ML;BD;71;Mildiou;Feuille;a13;a;45;10
30STAR2025;17/06/2024;ET ML;BD;71;Mildiou;Feuille;a13;a;46;20
30STAR2025;17/06/2024;ET ML;BD;71;Mildiou;Feuille;a13;a;47;20
30STAR2025;17/06/2024;ET ML;BD;71;Mildiou;Feuille;a13;a;48;10
30STAR2025;17/06/2024;ET ML;BD;71;Mildiou;Feuille;a13;a;49;0
30STAR2025;17/06/2024;ET ML;BD;71;Mildiou;Feuille;a13;a;50;0
